Workbook
Name _Hlk160785108: 'App Windows o Linux'!#REF!
Name _Hlk185324047: 'App Windows o Linux'!#REF!
Name DeployMode: #REF!
Name ListaApp: #REF!
Name OLE_LINK1: Elenco_ADO_IKAN!#REF!

Sheet Elenco_ADO_IKAN
A1: DETTAGLIO RILASCIO RDMA (inserire nella colonna "C" il nome del pacchetto / pipeline indicato in lettera di rilascio) (le informazioni ricavate nelle colonne "D"-"E"-"F -G-H " possono essere copiate/incollate nelle rispettive colonne del file "RDMA in corso alla data odierna")
A2: Lettera di rilascio | B2: Code Application | C2: Package IKAN ALM - Pipeleine AZURE DEVOPS | D2: Change Ev | E2: Responsabile/Team | F2: Description RDMA | G2: Application | H2: Deploy Mode | I2: PipelineId | J2: Project | K2: Project IKAN ALM | L2: Scheduling time Production | M2: Type | N2: N° SERVICE REQUEST JCL | O2: ESITO PREPROD | P2: ESITO ESERCIZIO
C3: siweb_EVOLUTIVA | D3: {=IFERROR( _xlfn.LET( _xlpm.risultato, IFERROR( _xlfn.XLOOKUP(TRIM(UPPER(G3)), TRIM(UPPER(Applicazioni!$C$1:$C$474)), Applicazioni!$B$1:$B$474 ), _xlfn.XLOOKUP( TRIM(UPPER( INDEX( _xlfn._xlws.FILTER('[1]Dettaglio pacchetti'!$B$1:$B$530, TRIM(UPPER('[1]Dettaglio pacchetti'!$E$1:$E$530))=TRIM(UPPER(G3)), "" ), 1) )), TRIM(UPPER(Applicazioni!$C$1:$C$474)), Applicazioni!$B$1:$B$474 ) ), IF(_xlpm.risultato=0, "", _xlpm.risultato) ), "" )} -> C20260814_0040 | E3: {=IF(TRIM($B3)="SG-ANAGRAFE", "Bugni Batte", IF(TRIM($B3)="DW01A", "Cauda", IFERROR( VLOOKUP( INDEX('[1]Dettaglio pacchetti'!$AB$1:$AB$530, _xlfn.AGGREGATE(15, 6, (ROW($1:$345))/(ISNUMBER(SEARCH('[1]Dettaglio pacchetti'!$AB$1:$AB$530, $C3))), 1) ) & "*", '[1]Dettaglio pacchetti'!$A$1:$I$530, 3, FALSE ), IFERROR(VLOOKUP($C3, '[1]Dettaglio pacchetti'!$A$1:$I$530, 3, FALSE), "") ) ) )} -> TrenoSinistri | F3: {=IF(TRIM($B3)="DW01A", "Rilascio EDW Estrattori", IFERROR( VLOOKUP( INDEX('[1]Dettaglio pacchetti'!$AB$1:$AB$530, _xlfn.AGGREGATE(15, 6, (ROW($1:$345))/(ISNUMBER(SEARCH('[1]Dettaglio pacchetti'!$AB$1:$AB$530, $C3))), 1) ) & "*", '[1]Dettaglio pacchetti'!$A$1:$I$530, 4, FALSE ), IFERROR(VLOOKUP($C3, '[1]Dettaglio pacchetti'!$A$1:$I$530, 4, FALSE), "") ) )} -> Rilascio Sinistri Web | G3: {=IF(TRIM($B3)="DW01A", "EDW - Estrattori", IF(TRIM($B3)="SG-ANAGRAFE", "SIGEA Anagrafe", IFERROR( VLOOKUP( INDEX('[1]Dettaglio pacchetti'!$AB$1:$AB$530, _xlfn.AGGREGATE(15, 6, (ROW($1:$345))/(ISNUMBER(SEARCH('[1]Dettaglio pacchetti'!$AB$1:$AB$530, $C3))), 1) ) & "*", '[1]Dettaglio pacchetti'!$A$1:$I$530, 5, FALSE ), IFERROR(VLOOKUP($C3, '[1]Dettaglio pacchetti'!$A$1:$I$530, 5, FALSE), "") ) ) )} -> SinistriWeb | H3: {=IFERROR( VLOOKUP( INDEX('[1]Dettaglio pacchetti'!$AB$1:$AB$530, _xlfn.AGGREGATE(15, 6, (ROW($1:$345))/(ISNUMBER(SEARCH('[1]Dettaglio pacchetti'!$AB$1:$AB$530, $C3))), 1) ) & "*", '[1]Dettaglio pacchetti'!$A$1:$I$530, 6, FALSE ), IFERROR(VLOOKUP($C3, '[1]Dettaglio pacchetti'!$A$1:$I$530, 6, FALSE), "") )} -> Azure Devops | I3: =IF(OR(AA3="", AB3=""), "", HYPERLINK(AA3, AB3)) -> siweb_EVOLUTIVA | J3: =IF($AC3="", "", IF(ISNUMBER(SEARCH("Ikan", $AD3)), "", HYPERLINK("https://dev.azure.com/realeitesorg/" & $AC3, $AC3) ) ) -> it.grma.claims | K3: =IF($AC3="", "", IF(ISNUMBER(SEARCH("Ikan", $AD3)), $AC3, "" ) ) | L3: {=IFERROR( VLOOKUP( INDEX('[1]Dettaglio pacchetti'!$AB$1:$AB$530, _xlfn.AGGREGATE(15, 6, ROW($1:$345)/(ISNUMBER(SEARCH('[1]Dettaglio pacchetti'!$AB$1:$AB$530, $C3))), 1) ) & "*", '[1]Dettaglio pacchetti'!$A$1:$I$530, 8, FALSE ), IFERROR(VLOOKUP($C3, '[1]Dettaglio pacchetti'!$A$1:$I$530, 8, FALSE), "") )} -> 23.00 | M3: {=IFERROR( VLOOKUP( INDEX('[1]Dettaglio pacchetti'!$AB$1:$AB$530, _xlfn.AGGREGATE(15, 6, ROW($1:$345)/(ISNUMBER(SEARCH('[1]Dettaglio pacchetti'!$AB$1:$AB$530, $C3))), 1) ) & "*", '[1]Dettaglio pacchetti'!$A$1:$I$530, 9, FALSE ), IFERROR(VLOOKUP($C3, '[1]Dettaglio pacchetti'!$A$1:$I$530, 9, FALSE), "") )} -> ear | O3: OK | P3: OK | AA3: {=IFERROR(VLOOKUP(INDEX('[1]Dettaglio pacchetti'!$AB$1:$AB$530, _xlfn.AGGREGATE(15, 6, (ROW($1:$345))/(ISNUMBER(SEARCH('[1]Dettaglio pacchetti'!$AB$1:$AB$530, $C3))), 1)) & "*", '[1]Dettaglio pacchetti'!$A$1:$N$530, 13, FALSE) & "", "")} -> https://dev.azure.com/realeitesorg/it.grma.claims/_build?definitionId=1857 | AB3: {=IF(ISNUMBER(SEARCH("dev.azure.com", AA3)), IFERROR(VLOOKUP(INDEX('[1]Dettaglio pacchetti'!$AB$1:$AB$530, _xlfn.AGGREGATE(15, 6, (ROW($1:$345))/(ISNUMBER(SEARCH('[1]Dettaglio pacchetti'!$AB$1:$AB$530, $C3))), 1)) & "*", '[1]Dettaglio pacchetti'!$A$1:$N$530, 1, FALSE) & "", ""), "")} -> siweb_EVOLUTIVA | AC3: {=IFERROR( VLOOKUP( INDEX('[1]Dettaglio pacchetti'!$AB$1:$AB$530, _xlfn.AGGREGATE(15,6,ROW($1:$345)/(ISNUMBER(SEARCH('[1]Dettaglio pacchetti'!$AB$1:$AB$530,$C3))),1)) & "*", '[1]Dettaglio pacchetti'!$A$1:$I$530, 7, FALSE ), IFERROR(VLOOKUP($C3, '[1]Dettaglio pacchetti'!$A$1:$I$530, 7, FALSE), "") )} -> it.grma.claims | AD3: {=IFERROR( VLOOKUP( INDEX('[1]Dettaglio pacchetti'!$AB$1:$AB$530, _xlfn.AGGREGATE(15,6,ROW($1:$345)/(ISNUMBER(SEARCH('[1]Dettaglio pacchetti'!$AB$1:$AB$530,$C3))),1)) & "*", '[1]Dettaglio pacchetti'!$A$1:$I$530, 6, FALSE ), IFERROR(VLOOKUP($C3, '[1]Dettaglio pacchetti'!$A$1:$I$530, 6, FALSE), "") )} -> Azure Devops
C4: siweb_EVOLUTIVA | D4: {=IFERROR( _xlfn.LET( _xlpm.risultato, IFERROR( _xlfn.XLOOKUP(TRIM(UPPER(G4)), TRIM(UPPER(Applicazioni!$C$1:$C$474)), Applicazioni!$B$1:$B$474 ), _xlfn.XLOOKUP( TRIM(UPPER( INDEX( _xlfn._xlws.FILTER('[1]Dettaglio pacchetti'!$B$1:$B$530, TRIM(UPPER('[1]Dettaglio pacchetti'!$E$1:$E$530))=TRIM(UPPER(G4)), "" ), 1) )), TRIM(UPPER(Applicazioni!$C$1:$C$474)), Applicazioni!$B$1:$B$474 ) ), IF(_xlpm.risultato=0, "", _xlpm.risultato) ), "" )} -> C20260814_0040 | E4: {=IF(TRIM($B4)="SG-ANAGRAFE", "Bugni Batte", IF(TRIM($B4)="DW01A", "Cauda", IFERROR( VLOOKUP( INDEX('[1]Dettaglio pacchetti'!$AB$1:$AB$530, _xlfn.AGGREGATE(15, 6, (ROW($1:$345))/(ISNUMBER(SEARCH('[1]Dettaglio pacchetti'!$AB$1:$AB$530, $C4))), 1) ) & "*", '[1]Dettaglio pacchetti'!$A$1:$I$530, 3, FALSE ), IFERROR(VLOOKUP($C4, '[1]Dettaglio pacchetti'!$A$1:$I$530, 3, FALSE), "") ) ) )} -> TrenoSinistri | F4: {=IF(TRIM($B4)="DW01A", "Rilascio EDW Estrattori", IFERROR( VLOOKUP( INDEX('[1]Dettaglio pacchetti'!$AB$1:$AB$530, _xlfn.AGGREGATE(15, 6, (ROW($1:$345))/(ISNUMBER(SEARCH('[1]Dettaglio pacchetti'!$AB$1:$AB$530, $C4))), 1) ) & "*", '[1]Dettaglio pacchetti'!$A$1:$I$530, 4, FALSE ), IFERROR(VLOOKUP($C4, '[1]Dettaglio pacchetti'!$A$1:$I$530, 4, FALSE), "") ) )} -> Rilascio Sinistri Web | G4: {=IF(TRIM($B4)="DW01A", "EDW - Estrattori", IF(TRIM($B4)="SG-ANAGRAFE", "SIGEA Anagrafe", IFERROR( VLOOKUP( INDEX('[1]Dettaglio pacchetti'!$AB$1:$AB$530, _xlfn.AGGREGATE(15, 6, (ROW($1:$345))/(ISNUMBER(SEARCH('[1]Dettaglio pacchetti'!$AB$1:$AB$530, $C4))), 1) ) & "*", '[1]Dettaglio pacchetti'!$A$1:$I$530, 5, FALSE ), IFERROR(VLOOKUP($C4, '[1]Dettaglio pacchetti'!$A$1:$I$530, 5, FALSE), "") ) ) )} -> SinistriWeb | H4: {=IFERROR( VLOOKUP( INDEX('[1]Dettaglio pacchetti'!$AB$1:$AB$530, _xlfn.AGGREGATE(15, 6, (ROW($1:$345))/(ISNUMBER(SEARCH('[1]Dettaglio pacchetti'!$AB$1:$AB$530, $C4))), 1) ) & "*", '[1]Dettaglio pacchetti'!$A$1:$I$530, 6, FALSE ), IFERROR(VLOOKUP($C4, '[1]Dettaglio pacchetti'!$A$1:$I$530, 6, FALSE), "") )} -> Azure Devops | I4: =IF(OR(AA4="", AB4=""), "", HYPERLINK(AA4, AB4)) -> siweb_EVOLUTIVA | J4: =IF($AC4="", "", IF(ISNUMBER(SEARCH("Ikan", $AD4)), "", HYPERLINK("https://dev.azure.com/realeitesorg/" & $AC4, $AC4) ) ) -> it.grma.claims | K4: =IF($AC4="", "", IF(ISNUMBER(SEARCH("Ikan", $AD4)), $AC4, "" ) ) | L4: {=IFERROR( VLOOKUP( INDEX('[1]Dettaglio pacchetti'!$AB$1:$AB$530, _xlfn.AGGREGATE(15, 6, ROW($1:$345)/(ISNUMBER(SEARCH('[1]Dettaglio pacchetti'!$AB$1:$AB$530, $C4))), 1) ) & "*", '[1]Dettaglio pacchetti'!$A$1:$I$530, 8, FALSE ), IFERROR(VLOOKUP($C4, '[1]Dettaglio pacchetti'!$A$1:$I$530, 8, FALSE), "") )} -> 23.00 | M4: {=IFERROR( VLOOKUP( INDEX('[1]Dettaglio pacchetti'!$AB$1:$AB$530, _xlfn.AGGREGATE(15, 6, ROW($1:$345)/(ISNUMBER(SEARCH('[1]Dettaglio pacchetti'!$AB$1:$AB$530, $C4))), 1) ) & "*", '[1]Dettaglio pacchetti'!$A$1:$I$530, 9, FALSE ), IFERROR(VLOOKUP($C4, '[1]Dettaglio pacchetti'!$A$1:$I$530, 9, FALSE), "") )} -> ear | O4: OK | P4: OK | AA4: {=IFERROR(VLOOKUP(INDEX('[1]Dettaglio pacchetti'!$AB$1:$AB$530, _xlfn.AGGREGATE(15, 6, (ROW($1:$345))/(ISNUMBER(SEARCH('[1]Dettaglio pacchetti'!$AB$1:$AB$530, $C4))), 1)) & "*", '[1]Dettaglio pacchetti'!$A$1:$N$530, 13, FALSE) & "", "")} -> https://dev.azure.com/realeitesorg/it.grma.claims/_build?definitionId=1857 | AB4: {=IF(ISNUMBER(SEARCH("dev.azure.com", AA4)), IFERROR(VLOOKUP(INDEX('[1]Dettaglio pacchetti'!$AB$1:$AB$530, _xlfn.AGGREGATE(15, 6, (ROW($1:$345))/(ISNUMBER(SEARCH('[1]Dettaglio pacchetti'!$AB$1:$AB$530, $C4))), 1)) & "*", '[1]Dettaglio pacchetti'!$A$1:$N$530, 1, FALSE) & "", ""), "")} -> siweb_EVOLUTIVA | AC4: {=IFERROR( VLOOKUP( INDEX('[1]Dettaglio pacchetti'!$AB$1:$AB$530, _xlfn.AGGREGATE(15,6,ROW($1:$345)/(ISNUMBER(SEARCH('[1]Dettaglio pacchetti'!$AB$1:$AB$530,$C4))),1)) & "*", '[1]Dettaglio pacchetti'!$A$1:$I$530, 7, FALSE ), IFERROR(VLOOKUP($C4, '[1]Dettaglio pacchetti'!$A$1:$I$530, 7, FALSE), "") )} -> it.grma.claims | AD4: {=IFERROR( VLOOKUP( INDEX('[1]Dettaglio pacchetti'!$AB$1:$AB$530, _xlfn.AGGREGATE(15,6,ROW($1:$345)/(ISNUMBER(SEARCH('[1]Dettaglio pacchetti'!$AB$1:$AB$530,$C4))),1)) & "*", '[1]Dettaglio pacchetti'!$A$1:$I$530, 6, FALSE ), IFERROR(VLOOKUP($C4, '[1]Dettaglio pacchetti'!$A$1:$I$530, 6, FALSE), "") )} -> Azure Devops
C5: paspo_EVOLUTIVA | D5: {=IFERROR( _xlfn.LET( _xlpm.risultato, IFERROR( _xlfn.XLOOKUP(TRIM(UPPER(G5)), TRIM(UPPER(Applicazioni!$C$1:$C$474)), Applicazioni!$B$1:$B$474 ), _xlfn.XLOOKUP( TRIM(UPPER( INDEX( _xlfn._xlws.FILTER('[1]Dettaglio pacchetti'!$B$1:$B$530, TRIM(UPPER('[1]Dettaglio pacchetti'!$E$1:$E$530))=TRIM(UPPER(G5)), "" ), 1) )), TRIM(UPPER(Applicazioni!$C$1:$C$474)), Applicazioni!$B$1:$B$474 ) ), IF(_xlpm.risultato=0, "", _xlpm.risultato) ), "" )} -> C20260821_0043 | E5: {=IF(TRIM($B5)="SG-ANAGRAFE", "Bugni Batte", IF(TRIM($B5)="DW01A", "Cauda", IFERROR( VLOOKUP( INDEX('[1]Dettaglio pacchetti'!$AB$1:$AB$530, _xlfn.AGGREGATE(15, 6, (ROW($1:$345))/(ISNUMBER(SEARCH('[1]Dettaglio pacchetti'!$AB$1:$AB$530, $C5))), 1) ) & "*", '[1]Dettaglio pacchetti'!$A$1:$I$530, 3, FALSE ), IFERROR(VLOOKUP($C5, '[1]Dettaglio pacchetti'!$A$1:$I$530, 3, FALSE), "") ) ) )} -> Treno Danni | F5: {=IF(TRIM($B5)="DW01A", "Rilascio EDW Estrattori", IFERROR( VLOOKUP( INDEX('[1]Dettaglio pacchetti'!$AB$1:$AB$530, _xlfn.AGGREGATE(15, 6, (ROW($1:$345))/(ISNUMBER(SEARCH('[1]Dettaglio pacchetti'!$AB$1:$AB$530, $C5))), 1) ) & "*", '[1]Dettaglio pacchetti'!$A$1:$I$530, 4, FALSE ), IFERROR(VLOOKUP($C5, '[1]Dettaglio pacchetti'!$A$1:$I$530, 4, FALSE), "") ) )} -> Rilascio Pass Portal 7PASPO | G5: {=IF(TRIM($B5)="DW01A", "EDW - Estrattori", IF(TRIM($B5)="SG-ANAGRAFE", "SIGEA Anagrafe", IFERROR( VLOOKUP( INDEX('[1]Dettaglio pacchetti'!$AB$1:$AB$530, _xlfn.AGGREGATE(15, 6, (ROW($1:$345))/(ISNUMBER(SEARCH('[1]Dettaglio pacchetti'!$AB$1:$AB$530, $C5))), 1) ) & "*", '[1]Dettaglio pacchetti'!$A$1:$I$530, 5, FALSE ), IFERROR(VLOOKUP($C5, '[1]Dettaglio pacchetti'!$A$1:$I$530, 5, FALSE), "") ) ) )} -> Multicanalità - Pass Portal | H5: {=IFERROR( VLOOKUP( INDEX('[1]Dettaglio pacchetti'!$AB$1:$AB$530, _xlfn.AGGREGATE(15, 6, (ROW($1:$345))/(ISNUMBER(SEARCH('[1]Dettaglio pacchetti'!$AB$1:$AB$530, $C5))), 1) ) & "*", '[1]Dettaglio pacchetti'!$A$1:$I$530, 6, FALSE ), IFERROR(VLOOKUP($C5, '[1]Dettaglio pacchetti'!$A$1:$I$530, 6, FALSE), "") )} -> Azure Devops | I5: =IF(OR(AA5="", AB5=""), "", HYPERLINK(AA5, AB5)) -> paspo_EVOLUTIVA | J5: =IF($AC5="", "", IF(ISNUMBER(SEARCH("Ikan", $AD5)), "", HYPERLINK("https://dev.azure.com/realeitesorg/" & $AC5, $AC5) ) ) -> it.grma.rdna | K5: =IF($AC5="", "", IF(ISNUMBER(SEARCH("Ikan", $AD5)), $AC5, "" ) ) | L5: {=IFERROR( VLOOKUP( INDEX('[1]Dettaglio pacchetti'!$AB$1:$AB$530, _xlfn.AGGREGATE(15, 6, ROW($1:$345)/(ISNUMBER(SEARCH('[1]Dettaglio pacchetti'!$AB$1:$AB$530, $C5))), 1) ) & "*", '[1]Dettaglio pacchetti'!$A$1:$I$530, 8, FALSE ), IFERROR(VLOOKUP($C5, '[1]Dettaglio pacchetti'!$A$1:$I$530, 8, FALSE), "") )} -> 23.00 | M5: {=IFERROR( VLOOKUP( INDEX('[1]Dettaglio pacchetti'!$AB$1:$AB$530, _xlfn.AGGREGATE(15, 6, ROW($1:$345)/(ISNUMBER(SEARCH('[1]Dettaglio pacchetti'!$AB$1:$AB$530, $C5))), 1) ) & "*", '[1]Dettaglio pacchetti'!$A$1:$I$530, 9, FALSE ), IFERROR(VLOOKUP($C5, '[1]Dettaglio pacchetti'!$A$1:$I$530, 9, FALSE), "") )} -> ear | O5: OK | P5: OK | AA5: {=IFERROR(VLOOKUP(INDEX('[1]Dettaglio pacchetti'!$AB$1:$AB$530, _xlfn.AGGREGATE(15, 6, (ROW($1:$345))/(ISNUMBER(SEARCH('[1]Dettaglio pacchetti'!$AB$1:$AB$530, $C5))), 1)) & "*", '[1]Dettaglio pacchetti'!$A$1:$N$530, 13, FALSE) & "", "")} -> https://dev.azure.com/realeitesorg/it.grma.rdna/_build?definitionId=4413 | AB5: {=IF(ISNUMBER(SEARCH("dev.azure.com", AA5)), IFERROR(VLOOKUP(INDEX('[1]Dettaglio pacchetti'!$AB$1:$AB$530, _xlfn.AGGREGATE(15, 6, (ROW($1:$345))/(ISNUMBER(SEARCH('[1]Dettaglio pacchetti'!$AB$1:$AB$530, $C5))), 1)) & "*", '[1]Dettaglio pacchetti'!$A$1:$N$530, 1, FALSE) & "", ""), "")} -> paspo_EVOLUTIVA | AC5: {=IFERROR( VLOOKUP( INDEX('[1]Dettaglio pacchetti'!$AB$1:$AB$530, _xlfn.AGGREGATE(15,6,ROW($1:$345)/(ISNUMBER(SEARCH('[1]Dettaglio pacchetti'!$AB$1:$AB$530,$C5))),1)) & "*", '[1]Dettaglio pacchetti'!$A$1:$I$530, 7, FALSE ), IFERROR(VLOOKUP($C5, '[1]Dettaglio pacchetti'!$A$1:$I$530, 7, FALSE), "") )} -> it.grma.rdna | AD5: {=IFERROR( VLOOKUP( INDEX('[1]Dettaglio pacchetti'!$AB$1:$AB$530, _xlfn.AGGREGATE(15,6,ROW($1:$345)/(ISNUMBER(SEARCH('[1]Dettaglio pacchetti'!$AB$1:$AB$530,$C5))),1)) & "*", '[1]Dettaglio pacchetti'!$A$1:$I$530, 6, FALSE ), IFERROR(VLOOKUP($C5, '[1]Dettaglio pacchetti'!$A$1:$I$530, 6, FALSE), "") )} -> Azure Devops
C6: pason_EVOLUTIVA | D6: {=IFERROR( _xlfn.LET( _xlpm.risultato, IFERROR( _xlfn.XLOOKUP(TRIM(UPPER(G6)), TRIM(UPPER(Applicazioni!$C$1:$C$474)), Applicazioni!$B$1:$B$474 ), _xlfn.XLOOKUP( TRIM(UPPER( INDEX( _xlfn._xlws.FILTER('[1]Dettaglio pacchetti'!$B$1:$B$530, TRIM(UPPER('[1]Dettaglio pacchetti'!$E$1:$E$530))=TRIM(UPPER(G6)), "" ), 1) )), TRIM(UPPER(Applicazioni!$C$1:$C$474)), Applicazioni!$B$1:$B$474 ) ), IF(_xlpm.risultato=0, "", _xlpm.risultato) ), "" )} -> C20260820_0046 | E6: {=IF(TRIM($B6)="SG-ANAGRAFE", "Bugni Batte", IF(TRIM($B6)="DW01A", "Cauda", IFERROR( VLOOKUP( INDEX('[1]Dettaglio pacchetti'!$AB$1:$AB$530, _xlfn.AGGREGATE(15, 6, (ROW($1:$345))/(ISNUMBER(SEARCH('[1]Dettaglio pacchetti'!$AB$1:$AB$530, $C6))), 1) ) & "*", '[1]Dettaglio pacchetti'!$A$1:$I$530, 3, FALSE ), IFERROR(VLOOKUP($C6, '[1]Dettaglio pacchetti'!$A$1:$I$530, 3, FALSE), "") ) ) )} -> Treno Danni | F6: {=IF(TRIM($B6)="DW01A", "Rilascio EDW Estrattori", IFERROR( VLOOKUP( INDEX('[1]Dettaglio pacchetti'!$AB$1:$AB$530, _xlfn.AGGREGATE(15, 6, (ROW($1:$345))/(ISNUMBER(SEARCH('[1]Dettaglio pacchetti'!$AB$1:$AB$530, $C6))), 1) ) & "*", '[1]Dettaglio pacchetti'!$A$1:$I$530, 4, FALSE ), IFERROR(VLOOKUP($C6, '[1]Dettaglio pacchetti'!$A$1:$I$530, 4, FALSE), "") ) )} -> Rilascio Pass CompagniaRelease PASON | G6: {=IF(TRIM($B6)="DW01A", "EDW - Estrattori", IF(TRIM($B6)="SG-ANAGRAFE", "SIGEA Anagrafe", IFERROR( VLOOKUP( INDEX('[1]Dettaglio pacchetti'!$AB$1:$AB$530, _xlfn.AGGREGATE(15, 6, (ROW($1:$345))/(ISNUMBER(SEARCH('[1]Dettaglio pacchetti'!$AB$1:$AB$530, $C6))), 1) ) & "*", '[1]Dettaglio pacchetti'!$A$1:$I$530, 5, FALSE ), IFERROR(VLOOKUP($C6, '[1]Dettaglio pacchetti'!$A$1:$I$530, 5, FALSE), "") ) ) )} -> Pass RE | H6: {=IFERROR( VLOOKUP( INDEX('[1]Dettaglio pacchetti'!$AB$1:$AB$530, _xlfn.AGGREGATE(15, 6, (ROW($1:$345))/(ISNUMBER(SEARCH('[1]Dettaglio pacchetti'!$AB$1:$AB$530, $C6))), 1) ) & "*", '[1]Dettaglio pacchetti'!$A$1:$I$530, 6, FALSE ), IFERROR(VLOOKUP($C6, '[1]Dettaglio pacchetti'!$A$1:$I$530, 6, FALSE), "") )} -> Azure Devops | I6: =IF(OR(AA6="", AB6=""), "", HYPERLINK(AA6, AB6)) -> pason_EVOLUTIVA | J6: =IF($AC6="", "", IF(ISNUMBER(SEARCH("Ikan", $AD6)), "", HYPERLINK("https://dev.azure.com/realeitesorg/" & $AC6, $AC6) ) ) -> it.grma.rdna | K6: =IF($AC6="", "", IF(ISNUMBER(SEARCH("Ikan", $AD6)), $AC6, "" ) ) | L6: {=IFERROR( VLOOKUP( INDEX('[1]Dettaglio pacchetti'!$AB$1:$AB$530, _xlfn.AGGREGATE(15, 6, ROW($1:$345)/(ISNUMBER(SEARCH('[1]Dettaglio pacchetti'!$AB$1:$AB$530, $C6))), 1) ) & "*", '[1]Dettaglio pacchetti'!$A$1:$I$530, 8, FALSE ), IFERROR(VLOOKUP($C6, '[1]Dettaglio pacchetti'!$A$1:$I$530, 8, FALSE), "") )} -> 23.00 | M6: {=IFERROR( VLOOKUP( INDEX('[1]Dettaglio pacchetti'!$AB$1:$AB$530, _xlfn.AGGREGATE(15, 6, ROW($1:$345)/(ISNUMBER(SEARCH('[1]Dettaglio pacchetti'!$AB$1:$AB$530, $C6))), 1) ) & "*", '[1]Dettaglio pacchetti'!$A$1:$I$530, 9, FALSE ), IFERROR(VLOOKUP($C6, '[1]Dettaglio pacchetti'!$A$1:$I$530, 9, FALSE), "") )} -> ear | O6: OK | P6: OK | AA6: {=IFERROR(VLOOKUP(INDEX('[1]Dettaglio pacchetti'!$AB$1:$AB$530, _xlfn.AGGREGATE(15, 6, (ROW($1:$345))/(ISNUMBER(SEARCH('[1]Dettaglio pacchetti'!$AB$1:$AB$530, $C6))), 1)) & "*", '[1]Dettaglio pacchetti'!$A$1:$N$530, 13, FALSE) & "", "")} -> https://dev.azure.com/realeitesorg/it.grma.rdna/_build?definitionId=2862 | AB6: {=IF(ISNUMBER(SEARCH("dev.azure.com", AA6)), IFERROR(VLOOKUP(INDEX('[1]Dettaglio pacchetti'!$AB$1:$AB$530, _xlfn.AGGREGATE(15, 6, (ROW($1:$345))/(ISNUMBER(SEARCH('[1]Dettaglio pacchetti'!$AB$1:$AB$530, $C6))), 1)) & "*", '[1]Dettaglio pacchetti'!$A$1:$N$530, 1, FALSE) & "", ""), "")} -> pason_EVOLUTIVA | AC6: {=IFERROR( VLOOKUP( INDEX('[1]Dettaglio pacchetti'!$AB$1:$AB$530, _xlfn.AGGREGATE(15,6,ROW($1:$345)/(ISNUMBER(SEARCH('[1]Dettaglio pacchetti'!$AB$1:$AB$530,$C6))),1)) & "*", '[1]Dettaglio pacchetti'!$A$1:$I$530, 7, FALSE ), IFERROR(VLOOKUP($C6, '[1]Dettaglio pacchetti'!$A$1:$I$530, 7, FALSE), "") )} -> it.grma.rdna | AD6: {=IFERROR( VLOOKUP( INDEX('[1]Dettaglio pacchetti'!$AB$1:$AB$530, _xlfn.AGGREGATE(15,6,ROW($1:$345)/(ISNUMBER(SEARCH('[1]Dettaglio pacchetti'!$AB$1:$AB$530,$C6))),1)) & "*", '[1]Dettaglio pacchetti'!$A$1:$I$530, 6, FALSE ), IFERROR(VLOOKUP($C6, '[1]Dettaglio pacchetti'!$A$1:$I$530, 6, FALSE), "") )} -> Azure Devops
C7: pasba_EVOLUTIVA | D7: {=IFERROR( _xlfn.LET( _xlpm.risultato, IFERROR( _xlfn.XLOOKUP(TRIM(UPPER(G7)), TRIM(UPPER(Applicazioni!$C$1:$C$474)), Applicazioni!$B$1:$B$474 ), _xlfn.XLOOKUP( TRIM(UPPER( INDEX( _xlfn._xlws.FILTER('[1]Dettaglio pacchetti'!$B$1:$B$530, TRIM(UPPER('[1]Dettaglio pacchetti'!$E$1:$E$530))=TRIM(UPPER(G7)), "" ), 1) )), TRIM(UPPER(Applicazioni!$C$1:$C$474)), Applicazioni!$B$1:$B$474 ) ), IF(_xlpm.risultato=0, "", _xlpm.risultato) ), "" )} -> C20260820_0046 | E7: {=IF(TRIM($B7)="SG-ANAGRAFE", "Bugni Batte", IF(TRIM($B7)="DW01A", "Cauda", IFERROR( VLOOKUP( INDEX('[1]Dettaglio pacchetti'!$AB$1:$AB$530, _xlfn.AGGREGATE(15, 6, (ROW($1:$345))/(ISNUMBER(SEARCH('[1]Dettaglio pacchetti'!$AB$1:$AB$530, $C7))), 1) ) & "*", '[1]Dettaglio pacchetti'!$A$1:$I$530, 3, FALSE ), IFERROR(VLOOKUP($C7, '[1]Dettaglio pacchetti'!$A$1:$I$530, 3, FALSE), "") ) ) )} -> Treno Danni | F7: {=IF(TRIM($B7)="DW01A", "Rilascio EDW Estrattori", IFERROR( VLOOKUP( INDEX('[1]Dettaglio pacchetti'!$AB$1:$AB$530, _xlfn.AGGREGATE(15, 6, (ROW($1:$345))/(ISNUMBER(SEARCH('[1]Dettaglio pacchetti'!$AB$1:$AB$530, $C7))), 1) ) & "*", '[1]Dettaglio pacchetti'!$A$1:$I$530, 4, FALSE ), IFERROR(VLOOKUP($C7, '[1]Dettaglio pacchetti'!$A$1:$I$530, 4, FALSE), "") ) )} -> Rilascio Pass compagnia batch PASBA | G7: {=IF(TRIM($B7)="DW01A", "EDW - Estrattori", IF(TRIM($B7)="SG-ANAGRAFE", "SIGEA Anagrafe", IFERROR( VLOOKUP( INDEX('[1]Dettaglio pacchetti'!$AB$1:$AB$530, _xlfn.AGGREGATE(15, 6, (ROW($1:$345))/(ISNUMBER(SEARCH('[1]Dettaglio pacchetti'!$AB$1:$AB$530, $C7))), 1) ) & "*", '[1]Dettaglio pacchetti'!$A$1:$I$530, 5, FALSE ), IFERROR(VLOOKUP($C7, '[1]Dettaglio pacchetti'!$A$1:$I$530, 5, FALSE), "") ) ) )} -> Pass RE - Batch | H7: {=IFERROR( VLOOKUP( INDEX('[1]Dettaglio pacchetti'!$AB$1:$AB$530, _xlfn.AGGREGATE(15, 6, (ROW($1:$345))/(ISNUMBER(SEARCH('[1]Dettaglio pacchetti'!$AB$1:$AB$530, $C7))), 1) ) & "*", '[1]Dettaglio pacchetti'!$A$1:$I$530, 6, FALSE ), IFERROR(VLOOKUP($C7, '[1]Dettaglio pacchetti'!$A$1:$I$530, 6, FALSE), "") )} -> Azure Devops | I7: =IF(OR(AA7="", AB7=""), "", HYPERLINK(AA7, AB7)) -> pasba_EVOLUTIVA | J7: =IF($AC7="", "", IF(ISNUMBER(SEARCH("Ikan", $AD7)), "", HYPERLINK("https://dev.azure.com/realeitesorg/" & $AC7, $AC7) ) ) -> it.grma.rdna | K7: =IF($AC7="", "", IF(ISNUMBER(SEARCH("Ikan", $AD7)), $AC7, "" ) ) | L7: {=IFERROR( VLOOKUP( INDEX('[1]Dettaglio pacchetti'!$AB$1:$AB$530, _xlfn.AGGREGATE(15, 6, ROW($1:$345)/(ISNUMBER(SEARCH('[1]Dettaglio pacchetti'!$AB$1:$AB$530, $C7))), 1) ) & "*", '[1]Dettaglio pacchetti'!$A$1:$I$530, 8, FALSE ), IFERROR(VLOOKUP($C7, '[1]Dettaglio pacchetti'!$A$1:$I$530, 8, FALSE), "") )} -> 22.50 | M7: {=IFERROR( VLOOKUP( INDEX('[1]Dettaglio pacchetti'!$AB$1:$AB$530, _xlfn.AGGREGATE(15, 6, ROW($1:$345)/(ISNUMBER(SEARCH('[1]Dettaglio pacchetti'!$AB$1:$AB$530, $C7))), 1) ) & "*", '[1]Dettaglio pacchetti'!$A$1:$I$530, 9, FALSE ), IFERROR(VLOOKUP($C7, '[1]Dettaglio pacchetti'!$A$1:$I$530, 9, FALSE), "") )} -> ear | O7: OK | P7: OK | AA7: {=IFERROR(VLOOKUP(INDEX('[1]Dettaglio pacchetti'!$AB$1:$AB$530, _xlfn.AGGREGATE(15, 6, (ROW($1:$345))/(ISNUMBER(SEARCH('[1]Dettaglio pacchetti'!$AB$1:$AB$530, $C7))), 1)) & "*", '[1]Dettaglio pacchetti'!$A$1:$N$530, 13, FALSE) & "", "")} -> https://dev.azure.com/realeitesorg/it.grma.rdna/_build?definitionId=2978 | AB7: {=IF(ISNUMBER(SEARCH("dev.azure.com", AA7)), IFERROR(VLOOKUP(INDEX('[1]Dettaglio pacchetti'!$AB$1:$AB$530, _xlfn.AGGREGATE(15, 6, (ROW($1:$345))/(ISNUMBER(SEARCH('[1]Dettaglio pacchetti'!$AB$1:$AB$530, $C7))), 1)) & "*", '[1]Dettaglio pacchetti'!$A$1:$N$530, 1, FALSE) & "", ""), "")} -> pasba_EVOLUTIVA | AC7: {=IFERROR( VLOOKUP( INDEX('[1]Dettaglio pacchetti'!$AB$1:$AB$530, _xlfn.AGGREGATE(15,6,ROW($1:$345)/(ISNUMBER(SEARCH('[1]Dettaglio pacchetti'!$AB$1:$AB$530,$C7))),1)) & "*", '[1]Dettaglio pacchetti'!$A$1:$I$530, 7, FALSE ), IFERROR(VLOOKUP($C7, '[1]Dettaglio pacchetti'!$A$1:$I$530, 7, FALSE), "") )} -> it.grma.rdna | AD7: {=IFERROR( VLOOKUP( INDEX('[1]Dettaglio pacchetti'!$AB$1:$AB$530, _xlfn.AGGREGATE(15,6,ROW($1:$345)/(ISNUMBER(SEARCH('[1]Dettaglio pacchetti'!$AB$1:$AB$530,$C7))),1)) & "*", '[1]Dettaglio pacchetti'!$A$1:$I$530, 6, FALSE ), IFERROR(VLOOKUP($C7, '[1]Dettaglio pacchetti'!$A$1:$I$530, 6, FALSE), "") )} -> Azure Devops
C8: documentum-portafoglio_EVOLUTIVA | D8: {=IFERROR( _xlfn.LET( _xlpm.risultato, IFERROR( _xlfn.XLOOKUP(TRIM(UPPER(G8)), TRIM(UPPER(Applicazioni!$C$1:$C$474)), Applicazioni!$B$1:$B$474 ), _xlfn.XLOOKUP( TRIM(UPPER( INDEX( _xlfn._xlws.FILTER('[1]Dettaglio pacchetti'!$B$1:$B$530, TRIM(UPPER('[1]Dettaglio pacchetti'!$E$1:$E$530))=TRIM(UPPER(G8)), "" ), 1) )), TRIM(UPPER(Applicazioni!$C$1:$C$474)), Applicazioni!$B$1:$B$474 ) ), IF(_xlpm.risultato=0, "", _xlpm.risultato) ), "" )} -> C20260821_0050 | E8: {=IF(TRIM($B8)="SG-ANAGRAFE", "Bugni Batte", IF(TRIM($B8)="DW01A", "Cauda", IFERROR( VLOOKUP( INDEX('[1]Dettaglio pacchetti'!$AB$1:$AB$530, _xlfn.AGGREGATE(15, 6, (ROW($1:$345))/(ISNUMBER(SEARCH('[1]Dettaglio pacchetti'!$AB$1:$AB$530, $C8))), 1) ) & "*", '[1]Dettaglio pacchetti'!$A$1:$I$530, 3, FALSE ), IFERROR(VLOOKUP($C8, '[1]Dettaglio pacchetti'!$A$1:$I$530, 3, FALSE), "") ) ) )} -> Rocca | F8: {=IF(TRIM($B8)="DW01A", "Rilascio EDW Estrattori", IFERROR( VLOOKUP( INDEX('[1]Dettaglio pacchetti'!$AB$1:$AB$530, _xlfn.AGGREGATE(15, 6, (ROW($1:$345))/(ISNUMBER(SEARCH('[1]Dettaglio pacchetti'!$AB$1:$AB$530, $C8))), 1) ) & "*", '[1]Dettaglio pacchetti'!$A$1:$I$530, 4, FALSE ), IFERROR(VLOOKUP($C8, '[1]Dettaglio pacchetti'!$A$1:$I$530, 4, FALSE), "") ) )} -> Rilascio Portale Documentale Portafoglio | G8: {=IF(TRIM($B8)="DW01A", "EDW - Estrattori", IF(TRIM($B8)="SG-ANAGRAFE", "SIGEA Anagrafe", IFERROR( VLOOKUP( INDEX('[1]Dettaglio pacchetti'!$AB$1:$AB$530, _xlfn.AGGREGATE(15, 6, (ROW($1:$345))/(ISNUMBER(SEARCH('[1]Dettaglio pacchetti'!$AB$1:$AB$530, $C8))), 1) ) & "*", '[1]Dettaglio pacchetti'!$A$1:$I$530, 5, FALSE ), IFERROR(VLOOKUP($C8, '[1]Dettaglio pacchetti'!$A$1:$I$530, 5, FALSE), "") ) ) )} -> Portale Documentale Portafoglio | H8: {=IFERROR( VLOOKUP( INDEX('[1]Dettaglio pacchetti'!$AB$1:$AB$530, _xlfn.AGGREGATE(15, 6, (ROW($1:$345))/(ISNUMBER(SEARCH('[1]Dettaglio pacchetti'!$AB$1:$AB$530, $C8))), 1) ) & "*", '[1]Dettaglio pacchetti'!$A$1:$I$530, 6, FALSE ), IFERROR(VLOOKUP($C8, '[1]Dettaglio pacchetti'!$A$1:$I$530, 6, FALSE), "") )} -> Azure Devops | I8: =IF(OR(AA8="", AB8=""), "", HYPERLINK(AA8, AB8)) -> documentum-portafoglio_EVOLUTIVA | J8: =IF($AC8="", "", IF(ISNUMBER(SEARCH("Ikan", $AD8)), "", HYPERLINK("https://dev.azure.com/realeitesorg/" & $AC8, $AC8) ) ) -> it.ites.deploy.documentale | K8: =IF($AC8="", "", IF(ISNUMBER(SEARCH("Ikan", $AD8)), $AC8, "" ) ) | L8: {=IFERROR( VLOOKUP( INDEX('[1]Dettaglio pacchetti'!$AB$1:$AB$530, _xlfn.AGGREGATE(15, 6, ROW($1:$345)/(ISNUMBER(SEARCH('[1]Dettaglio pacchetti'!$AB$1:$AB$530, $C8))), 1) ) & "*", '[1]Dettaglio pacchetti'!$A$1:$I$530, 8, FALSE ), IFERROR(VLOOKUP($C8, '[1]Dettaglio pacchetti'!$A$1:$I$530, 8, FALSE), "") )} -> 23.00 | M8: {=IFERROR( VLOOKUP( INDEX('[1]Dettaglio pacchetti'!$AB$1:$AB$530, _xlfn.AGGREGATE(15, 6, ROW($1:$345)/(ISNUMBER(SEARCH('[1]Dettaglio pacchetti'!$AB$1:$AB$530, $C8))), 1) ) & "*", '[1]Dettaglio pacchetti'!$A$1:$I$530, 9, FALSE ), IFERROR(VLOOKUP($C8, '[1]Dettaglio pacchetti'!$A$1:$I$530, 9, FALSE), "") )} -> ear | O8: OK | P8: OK | AA8: {=IFERROR(VLOOKUP(INDEX('[1]Dettaglio pacchetti'!$AB$1:$AB$530, _xlfn.AGGREGATE(15, 6, (ROW($1:$345))/(ISNUMBER(SEARCH('[1]Dettaglio pacchetti'!$AB$1:$AB$530, $C8))), 1)) & "*", '[1]Dettaglio pacchetti'!$A$1:$N$530, 13, FALSE) & "", "")} -> https://dev.azure.com/realeitesorg/it.ites.infra.deploy.documentale/_build?definitionId=2174 | AB8: {=IF(ISNUMBER(SEARCH("dev.azure.com", AA8)), IFERROR(VLOOKUP(INDEX('[1]Dettaglio pacchetti'!$AB$1:$AB$530, _xlfn.AGGREGATE(15, 6, (ROW($1:$345))/(ISNUMBER(SEARCH('[1]Dettaglio pacchetti'!$AB$1:$AB$530, $C8))), 1)) & "*", '[1]Dettaglio pacchetti'!$A$1:$N$530, 1, FALSE) & "", ""), "")} -> documentum-portafoglio_EVOLUTIVA | AC8: {=IFERROR( VLOOKUP( INDEX('[1]Dettaglio pacchetti'!$AB$1:$AB$530, _xlfn.AGGREGATE(15,6,ROW($1:$345)/(ISNUMBER(SEARCH('[1]Dettaglio pacchetti'!$AB$1:$AB$530,$C8))),1)) & "*", '[1]Dettaglio pacchetti'!$A$1:$I$530, 7, FALSE ), IFERROR(VLOOKUP($C8, '[1]Dettaglio pacchetti'!$A$1:$I$530, 7, FALSE), "") )} -> it.ites.deploy.documentale | AD8: {=IFERROR( VLOOKUP( INDEX('[1]Dettaglio pacchetti'!$AB$1:$AB$530, _xlfn.AGGREGATE(15,6,ROW($1:$345)/(ISNUMBER(SEARCH('[1]Dettaglio pacchetti'!$AB$1:$AB$530,$C8))),1)) & "*", '[1]Dettaglio pacchetti'!$A$1:$I$530, 6, FALSE ), IFERROR(VLOOKUP($C8, '[1]Dettaglio pacchetti'!$A$1:$I$530, 6, FALSE), "") )} -> Azure Devops
C9: deploy.documentale_8emc02a_EVOLUTIVA | D9: {=IFERROR( _xlfn.LET( _xlpm.risultato, IFERROR( _xlfn.XLOOKUP(TRIM(UPPER(G9)), TRIM(UPPER(Applicazioni!$C$1:$C$474)), Applicazioni!$B$1:$B$474 ), _xlfn.XLOOKUP( TRIM(UPPER( INDEX( _xlfn._xlws.FILTER('[1]Dettaglio pacchetti'!$B$1:$B$530, TRIM(UPPER('[1]Dettaglio pacchetti'!$E$1:$E$530))=TRIM(UPPER(G9)), "" ), 1) )), TRIM(UPPER(Applicazioni!$C$1:$C$474)), Applicazioni!$B$1:$B$474 ) ), IF(_xlpm.risultato=0, "", _xlpm.risultato) ), "" )} | E9: {=IF(TRIM($B9)="SG-ANAGRAFE", "Bugni Batte", IF(TRIM($B9)="DW01A", "Cauda", IFERROR( VLOOKUP( INDEX('[1]Dettaglio pacchetti'!$AB$1:$AB$530, _xlfn.AGGREGATE(15, 6, (ROW($1:$345))/(ISNUMBER(SEARCH('[1]Dettaglio pacchetti'!$AB$1:$AB$530, $C9))), 1) ) & "*", '[1]Dettaglio pacchetti'!$A$1:$I$530, 3, FALSE ), IFERROR(VLOOKUP($C9, '[1]Dettaglio pacchetti'!$A$1:$I$530, 3, FALSE), "") ) ) )} -> Rocca | F9: {=IF(TRIM($B9)="DW01A", "Rilascio EDW Estrattori", IFERROR( VLOOKUP( INDEX('[1]Dettaglio pacchetti'!$AB$1:$AB$530, _xlfn.AGGREGATE(15, 6, (ROW($1:$345))/(ISNUMBER(SEARCH('[1]Dettaglio pacchetti'!$AB$1:$AB$530, $C9))), 1) ) & "*", '[1]Dettaglio pacchetti'!$A$1:$I$530, 4, FALSE ), IFERROR(VLOOKUP($C9, '[1]Dettaglio pacchetti'!$A$1:$I$530, 4, FALSE), "") ) )} -> Rilascio Portale DocumentaleSinistri 8EMC02A | G9: {=IF(TRIM($B9)="DW01A", "EDW - Estrattori", IF(TRIM($B9)="SG-ANAGRAFE", "SIGEA Anagrafe", IFERROR( VLOOKUP( INDEX('[1]Dettaglio pacchetti'!$AB$1:$AB$530, _xlfn.AGGREGATE(15, 6, (ROW($1:$345))/(ISNUMBER(SEARCH('[1]Dettaglio pacchetti'!$AB$1:$AB$530, $C9))), 1) ) & "*", '[1]Dettaglio pacchetti'!$A$1:$I$530, 5, FALSE ), IFERROR(VLOOKUP($C9, '[1]Dettaglio pacchetti'!$A$1:$I$530, 5, FALSE), "") ) ) )} -> Portale Documentale Sinistri | H9: {=IFERROR( VLOOKUP( INDEX('[1]Dettaglio pacchetti'!$AB$1:$AB$530, _xlfn.AGGREGATE(15, 6, (ROW($1:$345))/(ISNUMBER(SEARCH('[1]Dettaglio pacchetti'!$AB$1:$AB$530, $C9))), 1) ) & "*", '[1]Dettaglio pacchetti'!$A$1:$I$530, 6, FALSE ), IFERROR(VLOOKUP($C9, '[1]Dettaglio pacchetti'!$A$1:$I$530, 6, FALSE), "") )} -> Azure Devops | I9: =IF(OR(AA9="", AB9=""), "", HYPERLINK(AA9, AB9)) -> deploy.documentale_8emc02a_EVOLUTIVA | J9: =IF($AC9="", "", IF(ISNUMBER(SEARCH("Ikan", $AD9)), "", HYPERLINK("https://dev.azure.com/realeitesorg/" & $AC9, $AC9) ) ) -> it.ites.deploy.documentale | K9: =IF($AC9="", "", IF(ISNUMBER(SEARCH("Ikan", $AD9)), $AC9, "" ) ) | L9: {=IFERROR( VLOOKUP( INDEX('[1]Dettaglio pacchetti'!$AB$1:$AB$530, _xlfn.AGGREGATE(15, 6, ROW($1:$345)/(ISNUMBER(SEARCH('[1]Dettaglio pacchetti'!$AB$1:$AB$530, $C9))), 1) ) & "*", '[1]Dettaglio pacchetti'!$A$1:$I$530, 8, FALSE ), IFERROR(VLOOKUP($C9, '[1]Dettaglio pacchetti'!$A$1:$I$530, 8, FALSE), "") )} -> 23.00 | M9: {=IFERROR( VLOOKUP( INDEX('[1]Dettaglio pacchetti'!$AB$1:$AB$530, _xlfn.AGGREGATE(15, 6, ROW($1:$345)/(ISNUMBER(SEARCH('[1]Dettaglio pacchetti'!$AB$1:$AB$530, $C9))), 1) ) & "*", '[1]Dettaglio pacchetti'!$A$1:$I$530, 9, FALSE ), IFERROR(VLOOKUP($C9, '[1]Dettaglio pacchetti'!$A$1:$I$530, 9, FALSE), "") )} -> ear | O9: OK | P9: OK | AA9: {=IFERROR(VLOOKUP(INDEX('[1]Dettaglio pacchetti'!$AB$1:$AB$530, _xlfn.AGGREGATE(15, 6, (ROW($1:$345))/(ISNUMBER(SEARCH('[1]Dettaglio pacchetti'!$AB$1:$AB$530, $C9))), 1)) & "*", '[1]Dettaglio pacchetti'!$A$1:$N$530, 13, FALSE) & "", "")} -> https://dev.azure.com/realeitesorg/it.ites.deploy.documentale/_build?definitionId=4998 | AB9: {=IF(ISNUMBER(SEARCH("dev.azure.com", AA9)), IFERROR(VLOOKUP(INDEX('[1]Dettaglio pacchetti'!$AB$1:$AB$530, _xlfn.AGGREGATE(15, 6, (ROW($1:$345))/(ISNUMBER(SEARCH('[1]Dettaglio pacchetti'!$AB$1:$AB$530, $C9))), 1)) & "*", '[1]Dettaglio pacchetti'!$A$1:$N$530, 1, FALSE) & "", ""), "")} -> deploy.documentale_8emc02a_EVOLUTIVA | AC9: {=IFERROR( VLOOKUP( INDEX('[1]Dettaglio pacchetti'!$AB$1:$AB$530, _xlfn.AGGREGATE(15,6,ROW($1:$345)/(ISNUMBER(SEARCH('[1]Dettaglio pacchetti'!$AB$1:$AB$530,$C9))),1)) & "*", '[1]Dettaglio pacchetti'!$A$1:$I$530, 7, FALSE ), IFERROR(VLOOKUP($C9, '[1]Dettaglio pacchetti'!$A$1:$I$530, 7, FALSE), "") )} -> it.ites.deploy.documentale | AD9: {=IFERROR( VLOOKUP( INDEX('[1]Dettaglio pacchetti'!$AB$1:$AB$530, _xlfn.AGGREGATE(15,6,ROW($1:$345)/(ISNUMBER(SEARCH('[1]Dettaglio pacchetti'!$AB$1:$AB$530,$C9))),1)) & "*", '[1]Dettaglio pacchetti'!$A$1:$I$530, 6, FALSE ), IFERROR(VLOOKUP($C9, '[1]Dettaglio pacchetti'!$A$1:$I$530, 6, FALSE), "") )} -> Azure Devops
C10: deploy.documentale_8emc02a_CORRETTIVA | D10: {=IFERROR( _xlfn.LET( _xlpm.risultato, IFERROR( _xlfn.XLOOKUP(TRIM(UPPER(G10)), TRIM(UPPER(Applicazioni!$C$1:$C$474)), Applicazioni!$B$1:$B$474 ), _xlfn.XLOOKUP( TRIM(UPPER( INDEX( _xlfn._xlws.FILTER('[1]Dettaglio pacchetti'!$B$1:$B$530, TRIM(UPPER('[1]Dettaglio pacchetti'!$E$1:$E$530))=TRIM(UPPER(G10)), "" ), 1) )), TRIM(UPPER(Applicazioni!$C$1:$C$474)), Applicazioni!$B$1:$B$474 ) ), IF(_xlpm.risultato=0, "", _xlpm.risultato) ), "" )} | E10: {=IF(TRIM($B10)="SG-ANAGRAFE", "Bugni Batte", IF(TRIM($B10)="DW01A", "Cauda", IFERROR( VLOOKUP( INDEX('[1]Dettaglio pacchetti'!$AB$1:$AB$530, _xlfn.AGGREGATE(15, 6, (ROW($1:$345))/(ISNUMBER(SEARCH('[1]Dettaglio pacchetti'!$AB$1:$AB$530, $C10))), 1) ) & "*", '[1]Dettaglio pacchetti'!$A$1:$I$530, 3, FALSE ), IFERROR(VLOOKUP($C10, '[1]Dettaglio pacchetti'!$A$1:$I$530, 3, FALSE), "") ) ) )} -> Rocca | F10: {=IF(TRIM($B10)="DW01A", "Rilascio EDW Estrattori", IFERROR( VLOOKUP( INDEX('[1]Dettaglio pacchetti'!$AB$1:$AB$530, _xlfn.AGGREGATE(15, 6, (ROW($1:$345))/(ISNUMBER(SEARCH('[1]Dettaglio pacchetti'!$AB$1:$AB$530, $C10))), 1) ) & "*", '[1]Dettaglio pacchetti'!$A$1:$I$530, 4, FALSE ), IFERROR(VLOOKUP($C10, '[1]Dettaglio pacchetti'!$A$1:$I$530, 4, FALSE), "") ) )} -> Rilascio Portale DocumentaleSinistri 8EMC02A | G10: {=IF(TRIM($B10)="DW01A", "EDW - Estrattori", IF(TRIM($B10)="SG-ANAGRAFE", "SIGEA Anagrafe", IFERROR( VLOOKUP( INDEX('[1]Dettaglio pacchetti'!$AB$1:$AB$530, _xlfn.AGGREGATE(15, 6, (ROW($1:$345))/(ISNUMBER(SEARCH('[1]Dettaglio pacchetti'!$AB$1:$AB$530, $C10))), 1) ) & "*", '[1]Dettaglio pacchetti'!$A$1:$I$530, 5, FALSE ), IFERROR(VLOOKUP($C10, '[1]Dettaglio pacchetti'!$A$1:$I$530, 5, FALSE), "") ) ) )} -> Portale Documentale Sinistri | I10: =IF(OR(AA10="", AB10=""), "", HYPERLINK(AA10, AB10)) -> deploy.documentale_8emc02a_CORRETTIVA | J10: =IF($AC10="", "", IF(ISNUMBER(SEARCH("Ikan", $AD10)), "", HYPERLINK("https://dev.azure.com/realeitesorg/" & $AC10, $AC10) ) ) -> it.ites.deploy.documentale | K10: =IF($AC10="", "", IF(ISNUMBER(SEARCH("Ikan", $AD10)), $AC10, "" ) ) | L10: {=IFERROR( VLOOKUP( INDEX('[1]Dettaglio pacchetti'!$AB$1:$AB$530, _xlfn.AGGREGATE(15, 6, ROW($1:$345)/(ISNUMBER(SEARCH('[1]Dettaglio pacchetti'!$AB$1:$AB$530, $C10))), 1) ) & "*", '[1]Dettaglio pacchetti'!$A$1:$I$530, 8, FALSE ), IFERROR(VLOOKUP($C10, '[1]Dettaglio pacchetti'!$A$1:$I$530, 8, FALSE), "") )} -> 23.00 | M10: {=IFERROR( VLOOKUP( INDEX('[1]Dettaglio pacchetti'!$AB$1:$AB$530, _xlfn.AGGREGATE(15, 6, ROW($1:$345)/(ISNUMBER(SEARCH('[1]Dettaglio pacchetti'!$AB$1:$AB$530, $C10))), 1) ) & "*", '[1]Dettaglio pacchetti'!$A$1:$I$530, 9, FALSE ), IFERROR(VLOOKUP($C10, '[1]Dettaglio pacchetti'!$A$1:$I$530, 9, FALSE), "") )} -> ear | O10: OK | P10: OK | AA10: {=IFERROR(VLOOKUP(INDEX('[1]Dettaglio pacchetti'!$AB$1:$AB$530, _xlfn.AGGREGATE(15, 6, (ROW($1:$345))/(ISNUMBER(SEARCH('[1]Dettaglio pacchetti'!$AB$1:$AB$530, $C10))), 1)) & "*", '[1]Dettaglio pacchetti'!$A$1:$N$530, 13, FALSE) & "", "")} -> https://dev.azure.com/realeitesorg/it.ites.deploy.documentale/_build?definitionId=5001 | AB10: {=IF(ISNUMBER(SEARCH("dev.azure.com", AA10)), IFERROR(VLOOKUP(INDEX('[1]Dettaglio pacchetti'!$AB$1:$AB$530, _xlfn.AGGREGATE(15, 6, (ROW($1:$345))/(ISNUMBER(SEARCH('[1]Dettaglio pacchetti'!$AB$1:$AB$530, $C10))), 1)) & "*", '[1]Dettaglio pacchetti'!$A$1:$N$530, 1, FALSE) & "", ""), "")} -> deploy.documentale_8emc02a_CORRETTIVA | AC10: {=IFERROR( VLOOKUP( INDEX('[1]Dettaglio pacchetti'!$AB$1:$AB$530, _xlfn.AGGREGATE(15,6,ROW($1:$345)/(ISNUMBER(SEARCH('[1]Dettaglio pacchetti'!$AB$1:$AB$530,$C10))),1)) & "*", '[1]Dettaglio pacchetti'!$A$1:$I$530, 7, FALSE ), IFERROR(VLOOKUP($C10, '[1]Dettaglio pacchetti'!$A$1:$I$530, 7, FALSE), "") )} -> it.ites.deploy.documentale | AD10: {=IFERROR( VLOOKUP( INDEX('[1]Dettaglio pacchetti'!$AB$1:$AB$530, _xlfn.AGGREGATE(15,6,ROW($1:$345)/(ISNUMBER(SEARCH('[1]Dettaglio pacchetti'!$AB$1:$AB$530,$C10))),1)) & "*", '[1]Dettaglio pacchetti'!$A$1:$I$530, 6, FALSE ), IFERROR(VLOOKUP($C10, '[1]Dettaglio pacchetti'!$A$1:$I$530, 6, FALSE), "") )} -> Azure Devops
C11: paspo_CORRETTIVA | D11: {=IFERROR( _xlfn.LET( _xlpm.risultato, IFERROR( _xlfn.XLOOKUP(TRIM(UPPER(G11)), TRIM(UPPER(Applicazioni!$C$1:$C$474)), Applicazioni!$B$1:$B$474 ), _xlfn.XLOOKUP( TRIM(UPPER( INDEX( _xlfn._xlws.FILTER('[1]Dettaglio pacchetti'!$B$1:$B$530, TRIM(UPPER('[1]Dettaglio pacchetti'!$E$1:$E$530))=TRIM(UPPER(G11)), "" ), 1) )), TRIM(UPPER(Applicazioni!$C$1:$C$474)), Applicazioni!$B$1:$B$474 ) ), IF(_xlpm.risultato=0, "", _xlpm.risultato) ), "" )} -> C20260821_0043 | E11: {=IF(TRIM($B11)="SG-ANAGRAFE", "Bugni Batte", IF(TRIM($B11)="DW01A", "Cauda", IFERROR( VLOOKUP( INDEX('[1]Dettaglio pacchetti'!$AB$1:$AB$530, _xlfn.AGGREGATE(15, 6, (ROW($1:$345))/(ISNUMBER(SEARCH('[1]Dettaglio pacchetti'!$AB$1:$AB$530, $C11))), 1) ) & "*", '[1]Dettaglio pacchetti'!$A$1:$I$530, 3, FALSE ), IFERROR(VLOOKUP($C11, '[1]Dettaglio pacchetti'!$A$1:$I$530, 3, FALSE), "") ) ) )} -> Treno Danni | F11: {=IF(TRIM($B11)="DW01A", "Rilascio EDW Estrattori", IFERROR( VLOOKUP( INDEX('[1]Dettaglio pacchetti'!$AB$1:$AB$530, _xlfn.AGGREGATE(15, 6, (ROW($1:$345))/(ISNUMBER(SEARCH('[1]Dettaglio pacchetti'!$AB$1:$AB$530, $C11))), 1) ) & "*", '[1]Dettaglio pacchetti'!$A$1:$I$530, 4, FALSE ), IFERROR(VLOOKUP($C11, '[1]Dettaglio pacchetti'!$A$1:$I$530, 4, FALSE), "") ) )} -> Rilascio Pass Portal 7PASPO | G11: {=IF(TRIM($B11)="DW01A", "EDW - Estrattori", IF(TRIM($B11)="SG-ANAGRAFE", "SIGEA Anagrafe", IFERROR( VLOOKUP( INDEX('[1]Dettaglio pacchetti'!$AB$1:$AB$530, _xlfn.AGGREGATE(15, 6, (ROW($1:$345))/(ISNUMBER(SEARCH('[1]Dettaglio pacchetti'!$AB$1:$AB$530, $C11))), 1) ) & "*", '[1]Dettaglio pacchetti'!$A$1:$I$530, 5, FALSE ), IFERROR(VLOOKUP($C11, '[1]Dettaglio pacchetti'!$A$1:$I$530, 5, FALSE), "") ) ) )} -> Multicanalità - Pass Portal | I11: =IF(OR(AA11="", AB11=""), "", HYPERLINK(AA11, AB11)) -> paspo_CORRETTIVA | J11: =IF($AC11="", "", IF(ISNUMBER(SEARCH("Ikan", $AD11)), "", HYPERLINK("https://dev.azure.com/realeitesorg/" & $AC11, $AC11) ) ) -> it.grma.rdna | K11: =IF($AC11="", "", IF(ISNUMBER(SEARCH("Ikan", $AD11)), $AC11, "" ) ) | L11: {=IFERROR( VLOOKUP( INDEX('[1]Dettaglio pacchetti'!$AB$1:$AB$530, _xlfn.AGGREGATE(15, 6, ROW($1:$345)/(ISNUMBER(SEARCH('[1]Dettaglio pacchetti'!$AB$1:$AB$530, $C11))), 1) ) & "*", '[1]Dettaglio pacchetti'!$A$1:$I$530, 8, FALSE ), IFERROR(VLOOKUP($C11, '[1]Dettaglio pacchetti'!$A$1:$I$530, 8, FALSE), "") )} -> 23.00 | M11: {=IFERROR( VLOOKUP( INDEX('[1]Dettaglio pacchetti'!$AB$1:$AB$530, _xlfn.AGGREGATE(15, 6, ROW($1:$345)/(ISNUMBER(SEARCH('[1]Dettaglio pacchetti'!$AB$1:$AB$530, $C11))), 1) ) & "*", '[1]Dettaglio pacchetti'!$A$1:$I$530, 9, FALSE ), IFERROR(VLOOKUP($C11, '[1]Dettaglio pacchetti'!$A$1:$I$530, 9, FALSE), "") )} -> ear | O11: OK | P11: OK | AA11: {=IFERROR(VLOOKUP(INDEX('[1]Dettaglio pacchetti'!$AB$1:$AB$530, _xlfn.AGGREGATE(15, 6, (ROW($1:$345))/(ISNUMBER(SEARCH('[1]Dettaglio pacchetti'!$AB$1:$AB$530, $C11))), 1)) & "*", '[1]Dettaglio pacchetti'!$A$1:$N$530, 13, FALSE) & "", "")} -> https://dev.azure.com/realeitesorg/it.grma.rdna/_build?definitionId=4415&_a=summary | AB11: {=IF(ISNUMBER(SEARCH("dev.azure.com", AA11)), IFERROR(VLOOKUP(INDEX('[1]Dettaglio pacchetti'!$AB$1:$AB$530, _xlfn.AGGREGATE(15, 6, (ROW($1:$345))/(ISNUMBER(SEARCH('[1]Dettaglio pacchetti'!$AB$1:$AB$530, $C11))), 1)) & "*", '[1]Dettaglio pacchetti'!$A$1:$N$530, 1, FALSE) & "", ""), "")} -> paspo_CORRETTIVA | AC11: {=IFERROR( VLOOKUP( INDEX('[1]Dettaglio pacchetti'!$AB$1:$AB$530, _xlfn.AGGREGATE(15,6,ROW($1:$345)/(ISNUMBER(SEARCH('[1]Dettaglio pacchetti'!$AB$1:$AB$530,$C11))),1)) & "*", '[1]Dettaglio pacchetti'!$A$1:$I$530, 7, FALSE ), IFERROR(VLOOKUP($C11, '[1]Dettaglio pacchetti'!$A$1:$I$530, 7, FALSE), "") )} -> it.grma.rdna | AD11: {=IFERROR( VLOOKUP( INDEX('[1]Dettaglio pacchetti'!$AB$1:$AB$530, _xlfn.AGGREGATE(15,6,ROW($1:$345)/(ISNUMBER(SEARCH('[1]Dettaglio pacchetti'!$AB$1:$AB$530,$C11))),1)) & "*", '[1]Dettaglio pacchetti'!$A$1:$I$530, 6, FALSE ), IFERROR(VLOOKUP($C11, '[1]Dettaglio pacchetti'!$A$1:$I$530, 6, FALSE), "") )} -> Azure Devops
C12: CARD2017_EVOLUTIVA | D12: {=IFERROR( _xlfn.LET( _xlpm.risultato, IFERROR( _xlfn.XLOOKUP(TRIM(UPPER(G12)), TRIM(UPPER(Applicazioni!$C$1:$C$474)), Applicazioni!$B$1:$B$474 ), _xlfn.XLOOKUP( TRIM(UPPER( INDEX( _xlfn._xlws.FILTER('[1]Dettaglio pacchetti'!$B$1:$B$530, TRIM(UPPER('[1]Dettaglio pacchetti'!$E$1:$E$530))=TRIM(UPPER(G12)), "" ), 1) )), TRIM(UPPER(Applicazioni!$C$1:$C$474)), Applicazioni!$B$1:$B$474 ) ), IF(_xlpm.risultato=0, "", _xlpm.risultato) ), "" )} -> C20260814_0040 | E12: {=IF(TRIM($B12)="SG-ANAGRAFE", "Bugni Batte", IF(TRIM($B12)="DW01A", "Cauda", IFERROR( VLOOKUP( INDEX('[1]Dettaglio pacchetti'!$AB$1:$AB$530, _xlfn.AGGREGATE(15, 6, (ROW($1:$345))/(ISNUMBER(SEARCH('[1]Dettaglio pacchetti'!$AB$1:$AB$530, $C12))), 1) ) & "*", '[1]Dettaglio pacchetti'!$A$1:$I$530, 3, FALSE ), IFERROR(VLOOKUP($C12, '[1]Dettaglio pacchetti'!$A$1:$I$530, 3, FALSE), "") ) ) )} -> Treno Sinistri | F12: {=IF(TRIM($B12)="DW01A", "Rilascio EDW Estrattori", IFERROR( VLOOKUP( INDEX('[1]Dettaglio pacchetti'!$AB$1:$AB$530, _xlfn.AGGREGATE(15, 6, (ROW($1:$345))/(ISNUMBER(SEARCH('[1]Dettaglio pacchetti'!$AB$1:$AB$530, $C12))), 1) ) & "*", '[1]Dettaglio pacchetti'!$A$1:$I$530, 4, FALSE ), IFERROR(VLOOKUP($C12, '[1]Dettaglio pacchetti'!$A$1:$I$530, 4, FALSE), "") ) )} -> Rilascio Sinistri Web - CARD2017 | G12: {=IF(TRIM($B12)="DW01A", "EDW - Estrattori", IF(TRIM($B12)="SG-ANAGRAFE", "SIGEA Anagrafe", IFERROR( VLOOKUP( INDEX('[1]Dettaglio pacchetti'!$AB$1:$AB$530, _xlfn.AGGREGATE(15, 6, (ROW($1:$345))/(ISNUMBER(SEARCH('[1]Dettaglio pacchetti'!$AB$1:$AB$530, $C12))), 1) ) & "*", '[1]Dettaglio pacchetti'!$A$1:$I$530, 5, FALSE ), IFERROR(VLOOKUP($C12, '[1]Dettaglio pacchetti'!$A$1:$I$530, 5, FALSE), "") ) ) )} -> SinistriWeb - Batch | I12: =IF(OR(AA12="", AB12=""), "", HYPERLINK(AA12, AB12)) -> card2017_EVOLUTIVA | J12: =IF($AC12="", "", IF(ISNUMBER(SEARCH("Ikan", $AD12)), "", HYPERLINK("https://dev.azure.com/realeitesorg/" & $AC12, $AC12) ) ) -> it.grma.claims | K12: =IF($AC12="", "", IF(ISNUMBER(SEARCH("Ikan", $AD12)), $AC12, "" ) ) | L12: {=IFERROR( VLOOKUP( INDEX('[1]Dettaglio pacchetti'!$AB$1:$AB$530, _xlfn.AGGREGATE(15, 6, ROW($1:$345)/(ISNUMBER(SEARCH('[1]Dettaglio pacchetti'!$AB$1:$AB$530, $C12))), 1) ) & "*", '[1]Dettaglio pacchetti'!$A$1:$I$530, 8, FALSE ), IFERROR(VLOOKUP($C12, '[1]Dettaglio pacchetti'!$A$1:$I$530, 8, FALSE), "") )} -> 23.00 | M12: {=IFERROR( VLOOKUP( INDEX('[1]Dettaglio pacchetti'!$AB$1:$AB$530, _xlfn.AGGREGATE(15, 6, ROW($1:$345)/(ISNUMBER(SEARCH('[1]Dettaglio pacchetti'!$AB$1:$AB$530, $C12))), 1) ) & "*", '[1]Dettaglio pacchetti'!$A$1:$I$530, 9, FALSE ), IFERROR(VLOOKUP($C12, '[1]Dettaglio pacchetti'!$A$1:$I$530, 9, FALSE), "") )} -> ear | O12: OK | P12: OK | AA12: {=IFERROR(VLOOKUP(INDEX('[1]Dettaglio pacchetti'!$AB$1:$AB$530, _xlfn.AGGREGATE(15, 6, (ROW($1:$345))/(ISNUMBER(SEARCH('[1]Dettaglio pacchetti'!$AB$1:$AB$530, $C12))), 1)) & "*", '[1]Dettaglio pacchetti'!$A$1:$N$530, 13, FALSE) & "", "")} -> https://dev.azure.com/realeitesorg/it.grma.claims/_build?definitionId=1938 | AB12: {=IF(ISNUMBER(SEARCH("dev.azure.com", AA12)), IFERROR(VLOOKUP(INDEX('[1]Dettaglio pacchetti'!$AB$1:$AB$530, _xlfn.AGGREGATE(15, 6, (ROW($1:$345))/(ISNUMBER(SEARCH('[1]Dettaglio pacchetti'!$AB$1:$AB$530, $C12))), 1)) & "*", '[1]Dettaglio pacchetti'!$A$1:$N$530, 1, FALSE) & "", ""), "")} -> card2017_EVOLUTIVA | AC12: {=IFERROR( VLOOKUP( INDEX('[1]Dettaglio pacchetti'!$AB$1:$AB$530, _xlfn.AGGREGATE(15,6,ROW($1:$345)/(ISNUMBER(SEARCH('[1]Dettaglio pacchetti'!$AB$1:$AB$530,$C12))),1)) & "*", '[1]Dettaglio pacchetti'!$A$1:$I$530, 7, FALSE ), IFERROR(VLOOKUP($C12, '[1]Dettaglio pacchetti'!$A$1:$I$530, 7, FALSE), "") )} -> it.grma.claims | AD12: {=IFERROR( VLOOKUP( INDEX('[1]Dettaglio pacchetti'!$AB$1:$AB$530, _xlfn.AGGREGATE(15,6,ROW($1:$345)/(ISNUMBER(SEARCH('[1]Dettaglio pacchetti'!$AB$1:$AB$530,$C12))),1)) & "*", '[1]Dettaglio pacchetti'!$A$1:$I$530, 6, FALSE ), IFERROR(VLOOKUP($C12, '[1]Dettaglio pacchetti'!$A$1:$I$530, 6, FALSE), "") )} -> Azure Devops
C13: CARD2017_EVOLUTIVA | D13: {=IFERROR( _xlfn.LET( _xlpm.risultato, IFERROR( _xlfn.XLOOKUP(TRIM(UPPER(G13)), TRIM(UPPER(Applicazioni!$C$1:$C$474)), Applicazioni!$B$1:$B$474 ), _xlfn.XLOOKUP( TRIM(UPPER( INDEX( _xlfn._xlws.FILTER('[1]Dettaglio pacchetti'!$B$1:$B$530, TRIM(UPPER('[1]Dettaglio pacchetti'!$E$1:$E$530))=TRIM(UPPER(G13)), "" ), 1) )), TRIM(UPPER(Applicazioni!$C$1:$C$474)), Applicazioni!$B$1:$B$474 ) ), IF(_xlpm.risultato=0, "", _xlpm.risultato) ), "" )} -> C20260814_0040 | E13: {=IF(TRIM($B13)="SG-ANAGRAFE", "Bugni Batte", IF(TRIM($B13)="DW01A", "Cauda", IFERROR( VLOOKUP( INDEX('[1]Dettaglio pacchetti'!$AB$1:$AB$530, _xlfn.AGGREGATE(15, 6, (ROW($1:$345))/(ISNUMBER(SEARCH('[1]Dettaglio pacchetti'!$AB$1:$AB$530, $C13))), 1) ) & "*", '[1]Dettaglio pacchetti'!$A$1:$I$530, 3, FALSE ), IFERROR(VLOOKUP($C13, '[1]Dettaglio pacchetti'!$A$1:$I$530, 3, FALSE), "") ) ) )} -> Treno Sinistri | F13: {=IF(TRIM($B13)="DW01A", "Rilascio EDW Estrattori", IFERROR( VLOOKUP( INDEX('[1]Dettaglio pacchetti'!$AB$1:$AB$530, _xlfn.AGGREGATE(15, 6, (ROW($1:$345))/(ISNUMBER(SEARCH('[1]Dettaglio pacchetti'!$AB$1:$AB$530, $C13))), 1) ) & "*", '[1]Dettaglio pacchetti'!$A$1:$I$530, 4, FALSE ), IFERROR(VLOOKUP($C13, '[1]Dettaglio pacchetti'!$A$1:$I$530, 4, FALSE), "") ) )} -> Rilascio Sinistri Web - CARD2017 | G13: {=IF(TRIM($B13)="DW01A", "EDW - Estrattori", IF(TRIM($B13)="SG-ANAGRAFE", "SIGEA Anagrafe", IFERROR( VLOOKUP( INDEX('[1]Dettaglio pacchetti'!$AB$1:$AB$530, _xlfn.AGGREGATE(15, 6, (ROW($1:$345))/(ISNUMBER(SEARCH('[1]Dettaglio pacchetti'!$AB$1:$AB$530, $C13))), 1) ) & "*", '[1]Dettaglio pacchetti'!$A$1:$I$530, 5, FALSE ), IFERROR(VLOOKUP($C13, '[1]Dettaglio pacchetti'!$A$1:$I$530, 5, FALSE), "") ) ) )} -> SinistriWeb - Batch | I13: =IF(OR(AA13="", AB13=""), "", HYPERLINK(AA13, AB13)) -> card2017_EVOLUTIVA | J13: =IF($AC13="", "", IF(ISNUMBER(SEARCH("Ikan", $AD13)), "", HYPERLINK("https://dev.azure.com/realeitesorg/" & $AC13, $AC13) ) ) -> it.grma.claims | K13: =IF($AC13="", "", IF(ISNUMBER(SEARCH("Ikan", $AD13)), $AC13, "" ) ) | L13: {=IFERROR( VLOOKUP( INDEX('[1]Dettaglio pacchetti'!$AB$1:$AB$530, _xlfn.AGGREGATE(15, 6, ROW($1:$345)/(ISNUMBER(SEARCH('[1]Dettaglio pacchetti'!$AB$1:$AB$530, $C13))), 1) ) & "*", '[1]Dettaglio pacchetti'!$A$1:$I$530, 8, FALSE ), IFERROR(VLOOKUP($C13, '[1]Dettaglio pacchetti'!$A$1:$I$530, 8, FALSE), "") )} -> 23.00 | M13: {=IFERROR( VLOOKUP( INDEX('[1]Dettaglio pacchetti'!$AB$1:$AB$530, _xlfn.AGGREGATE(15, 6, ROW($1:$345)/(ISNUMBER(SEARCH('[1]Dettaglio pacchetti'!$AB$1:$AB$530, $C13))), 1) ) & "*", '[1]Dettaglio pacchetti'!$A$1:$I$530, 9, FALSE ), IFERROR(VLOOKUP($C13, '[1]Dettaglio pacchetti'!$A$1:$I$530, 9, FALSE), "") )} -> ear | O13: OK | P13: OK | AA13: {=IFERROR(VLOOKUP(INDEX('[1]Dettaglio pacchetti'!$AB$1:$AB$530, _xlfn.AGGREGATE(15, 6, (ROW($1:$345))/(ISNUMBER(SEARCH('[1]Dettaglio pacchetti'!$AB$1:$AB$530, $C13))), 1)) & "*", '[1]Dettaglio pacchetti'!$A$1:$N$530, 13, FALSE) & "", "")} -> https://dev.azure.com/realeitesorg/it.grma.claims/_build?definitionId=1938 | AB13: {=IF(ISNUMBER(SEARCH("dev.azure.com", AA13)), IFERROR(VLOOKUP(INDEX('[1]Dettaglio pacchetti'!$AB$1:$AB$530, _xlfn.AGGREGATE(15, 6, (ROW($1:$345))/(ISNUMBER(SEARCH('[1]Dettaglio pacchetti'!$AB$1:$AB$530, $C13))), 1)) & "*", '[1]Dettaglio pacchetti'!$A$1:$N$530, 1, FALSE) & "", ""), "")} -> card2017_EVOLUTIVA | AC13: {=IFERROR( VLOOKUP( INDEX('[1]Dettaglio pacchetti'!$AB$1:$AB$530, _xlfn.AGGREGATE(15,6,ROW($1:$345)/(ISNUMBER(SEARCH('[1]Dettaglio pacchetti'!$AB$1:$AB$530,$C13))),1)) & "*", '[1]Dettaglio pacchetti'!$A$1:$I$530, 7, FALSE ), IFERROR(VLOOKUP($C13, '[1]Dettaglio pacchetti'!$A$1:$I$530, 7, FALSE), "") )} -> it.grma.claims | AD13: {=IFERROR( VLOOKUP( INDEX('[1]Dettaglio pacchetti'!$AB$1:$AB$530, _xlfn.AGGREGATE(15,6,ROW($1:$345)/(ISNUMBER(SEARCH('[1]Dettaglio pacchetti'!$AB$1:$AB$530,$C13))),1)) & "*", '[1]Dettaglio pacchetti'!$A$1:$I$530, 6, FALSE ), IFERROR(VLOOKUP($C13, '[1]Dettaglio pacchetti'!$A$1:$I$530, 6, FALSE), "") )} -> Azure Devops
C14: it.grma.web.pni2cloud.middlewarenew | D14: {=IFERROR( _xlfn.LET( _xlpm.risultato, IFERROR( _xlfn.XLOOKUP(TRIM(UPPER(G14)), TRIM(UPPER(Applicazioni!$C$1:$C$474)), Applicazioni!$B$1:$B$474 ), _xlfn.XLOOKUP( TRIM(UPPER( INDEX( _xlfn._xlws.FILTER('[1]Dettaglio pacchetti'!$B$1:$B$530, TRIM(UPPER('[1]Dettaglio pacchetti'!$E$1:$E$530))=TRIM(UPPER(G14)), "" ), 1) )), TRIM(UPPER(Applicazioni!$C$1:$C$474)), Applicazioni!$B$1:$B$474 ) ), IF(_xlpm.risultato=0, "", _xlpm.risultato) ), "" )} -> C20260824_0044 | E14: {=IF(TRIM($B14)="SG-ANAGRAFE", "Bugni Batte", IF(TRIM($B14)="DW01A", "Cauda", IFERROR( VLOOKUP( INDEX('[1]Dettaglio pacchetti'!$AB$1:$AB$530, _xlfn.AGGREGATE(15, 6, (ROW($1:$345))/(ISNUMBER(SEARCH('[1]Dettaglio pacchetti'!$AB$1:$AB$530, $C14))), 1) ) & "*", '[1]Dettaglio pacchetti'!$A$1:$I$530, 3, FALSE ), IFERROR(VLOOKUP($C14, '[1]Dettaglio pacchetti'!$A$1:$I$530, 3, FALSE), "") ) ) )} -> Team Digital-Chetta | F14: {=IF(TRIM($B14)="DW01A", "Rilascio EDW Estrattori", IFERROR( VLOOKUP( INDEX('[1]Dettaglio pacchetti'!$AB$1:$AB$530, _xlfn.AGGREGATE(15, 6, (ROW($1:$345))/(ISNUMBER(SEARCH('[1]Dettaglio pacchetti'!$AB$1:$AB$530, $C14))), 1) ) & "*", '[1]Dettaglio pacchetti'!$A$1:$I$530, 4, FALSE ), IFERROR(VLOOKUP($C14, '[1]Dettaglio pacchetti'!$A$1:$I$530, 4, FALSE), "") ) )} -> Rilascio pipeline middelwarenew | G14: {=IF(TRIM($B14)="DW01A", "EDW - Estrattori", IF(TRIM($B14)="SG-ANAGRAFE", "SIGEA Anagrafe", IFERROR( VLOOKUP( INDEX('[1]Dettaglio pacchetti'!$AB$1:$AB$530, _xlfn.AGGREGATE(15, 6, (ROW($1:$345))/(ISNUMBER(SEARCH('[1]Dettaglio pacchetti'!$AB$1:$AB$530, $C14))), 1) ) & "*", '[1]Dettaglio pacchetti'!$A$1:$I$530, 5, FALSE ), IFERROR(VLOOKUP($C14, '[1]Dettaglio pacchetti'!$A$1:$I$530, 5, FALSE), "") ) ) )} -> Siti Istituzionali | I14: =IF(OR(AA14="", AB14=""), "", HYPERLINK(AA14, AB14)) -> it.grma.web.pni2cloud.middlewarenew | J14: =IF($AC14="", "", IF(ISNUMBER(SEARCH("Ikan", $AD14)), "", HYPERLINK("https://dev.azure.com/realeitesorg/" & $AC14, $AC14) ) ) -> it.grma.web | K14: =IF($AC14="", "", IF(ISNUMBER(SEARCH("Ikan", $AD14)), $AC14, "" ) ) | L14: {=IFERROR( VLOOKUP( INDEX('[1]Dettaglio pacchetti'!$AB$1:$AB$530, _xlfn.AGGREGATE(15, 6, ROW($1:$345)/(ISNUMBER(SEARCH('[1]Dettaglio pacchetti'!$AB$1:$AB$530, $C14))), 1) ) & "*", '[1]Dettaglio pacchetti'!$A$1:$I$530, 8, FALSE ), IFERROR(VLOOKUP($C14, '[1]Dettaglio pacchetti'!$A$1:$I$530, 8, FALSE), "") )} -> 23.00 | M14: {=IFERROR( VLOOKUP( INDEX('[1]Dettaglio pacchetti'!$AB$1:$AB$530, _xlfn.AGGREGATE(15, 6, ROW($1:$345)/(ISNUMBER(SEARCH('[1]Dettaglio pacchetti'!$AB$1:$AB$530, $C14))), 1) ) & "*", '[1]Dettaglio pacchetti'!$A$1:$I$530, 9, FALSE ), IFERROR(VLOOKUP($C14, '[1]Dettaglio pacchetti'!$A$1:$I$530, 9, FALSE), "") )} -> ubuntu | O14: OK | P14: OK | AA14: {=IFERROR(VLOOKUP(INDEX('[1]Dettaglio pacchetti'!$AB$1:$AB$530, _xlfn.AGGREGATE(15, 6, (ROW($1:$345))/(ISNUMBER(SEARCH('[1]Dettaglio pacchetti'!$AB$1:$AB$530, $C14))), 1)) & "*", '[1]Dettaglio pacchetti'!$A$1:$N$530, 13, FALSE) & "", "")} -> https://dev.azure.com/realeitesorg/it.grma.web/_build?definitionId=795 | AB14: {=IF(ISNUMBER(SEARCH("dev.azure.com", AA14)), IFERROR(VLOOKUP(INDEX('[1]Dettaglio pacchetti'!$AB$1:$AB$530, _xlfn.AGGREGATE(15, 6, (ROW($1:$345))/(ISNUMBER(SEARCH('[1]Dettaglio pacchetti'!$AB$1:$AB$530, $C14))), 1)) & "*", '[1]Dettaglio pacchetti'!$A$1:$N$530, 1, FALSE) & "", ""), "")} -> it.grma.web.pni2cloud.middlewarenew | AC14: {=IFERROR( VLOOKUP( INDEX('[1]Dettaglio pacchetti'!$AB$1:$AB$530, _xlfn.AGGREGATE(15,6,ROW($1:$345)/(ISNUMBER(SEARCH('[1]Dettaglio pacchetti'!$AB$1:$AB$530,$C14))),1)) & "*", '[1]Dettaglio pacchetti'!$A$1:$I$530, 7, FALSE ), IFERROR(VLOOKUP($C14, '[1]Dettaglio pacchetti'!$A$1:$I$530, 7, FALSE), "") )} -> it.grma.web | AD14: {=IFERROR( VLOOKUP( INDEX('[1]Dettaglio pacchetti'!$AB$1:$AB$530, _xlfn.AGGREGATE(15,6,ROW($1:$345)/(ISNUMBER(SEARCH('[1]Dettaglio pacchetti'!$AB$1:$AB$530,$C14))),1)) & "*", '[1]Dettaglio pacchetti'!$A$1:$I$530, 6, FALSE ), IFERROR(VLOOKUP($C14, '[1]Dettaglio pacchetti'!$A$1:$I$530, 6, FALSE), "") )} -> Azure Devops
C15: APISinistri | D15: {=IFERROR( _xlfn.LET( _xlpm.risultato, IFERROR( _xlfn.XLOOKUP(TRIM(UPPER(G15)), TRIM(UPPER(Applicazioni!$C$1:$C$474)), Applicazioni!$B$1:$B$474 ), _xlfn.XLOOKUP( TRIM(UPPER( INDEX( _xlfn._xlws.FILTER('[1]Dettaglio pacchetti'!$B$1:$B$530, TRIM(UPPER('[1]Dettaglio pacchetti'!$E$1:$E$530))=TRIM(UPPER(G15)), "" ), 1) )), TRIM(UPPER(Applicazioni!$C$1:$C$474)), Applicazioni!$B$1:$B$474 ) ), IF(_xlpm.risultato=0, "", _xlpm.risultato) ), "" )} -> C20260806_0083 | E15: {=IF(TRIM($B15)="SG-ANAGRAFE", "Bugni Batte", IF(TRIM($B15)="DW01A", "Cauda", IFERROR( VLOOKUP( INDEX('[1]Dettaglio pacchetti'!$AB$1:$AB$530, _xlfn.AGGREGATE(15, 6, (ROW($1:$345))/(ISNUMBER(SEARCH('[1]Dettaglio pacchetti'!$AB$1:$AB$530, $C15))), 1) ) & "*", '[1]Dettaglio pacchetti'!$A$1:$I$530, 3, FALSE ), IFERROR(VLOOKUP($C15, '[1]Dettaglio pacchetti'!$A$1:$I$530, 3, FALSE), "") ) ) )} -> Martino | F15: {=IF(TRIM($B15)="DW01A", "Rilascio EDW Estrattori", IFERROR( VLOOKUP( INDEX('[1]Dettaglio pacchetti'!$AB$1:$AB$530, _xlfn.AGGREGATE(15, 6, (ROW($1:$345))/(ISNUMBER(SEARCH('[1]Dettaglio pacchetti'!$AB$1:$AB$530, $C15))), 1) ) & "*", '[1]Dettaglio pacchetti'!$A$1:$I$530, 4, FALSE ), IFERROR(VLOOKUP($C15, '[1]Dettaglio pacchetti'!$A$1:$I$530, 4, FALSE), "") ) )} -> Evoluzione Sistemi Integrazione APISinistri | G15: {=IF(TRIM($B15)="DW01A", "EDW - Estrattori", IF(TRIM($B15)="SG-ANAGRAFE", "SIGEA Anagrafe", IFERROR( VLOOKUP( INDEX('[1]Dettaglio pacchetti'!$AB$1:$AB$530, _xlfn.AGGREGATE(15, 6, (ROW($1:$345))/(ISNUMBER(SEARCH('[1]Dettaglio pacchetti'!$AB$1:$AB$530, $C15))), 1) ) & "*", '[1]Dettaglio pacchetti'!$A$1:$I$530, 5, FALSE ), IFERROR(VLOOKUP($C15, '[1]Dettaglio pacchetti'!$A$1:$I$530, 5, FALSE), "") ) ) )} -> Integrazione | I15: https://dev.azure.com/realeitesorg/it.integration/_build?definitionId=4506&_a=summary | J15: =IF($AC15="", "", IF(ISNUMBER(SEARCH("Ikan", $AD15)), "", HYPERLINK("https://dev.azure.com/realeitesorg/" & $AC15, $AC15) ) ) -> it.integration | K15: =IF($AC15="", "", IF(ISNUMBER(SEARCH("Ikan", $AD15)), $AC15, "" ) ) | L15: {=IFERROR( VLOOKUP( INDEX('[1]Dettaglio pacchetti'!$AB$1:$AB$530, _xlfn.AGGREGATE(15, 6, ROW($1:$345)/(ISNUMBER(SEARCH('[1]Dettaglio pacchetti'!$AB$1:$AB$530, $C15))), 1) ) & "*", '[1]Dettaglio pacchetti'!$A$1:$I$530, 8, FALSE ), IFERROR(VLOOKUP($C15, '[1]Dettaglio pacchetti'!$A$1:$I$530, 8, FALSE), "") )} -> 23.00 | M15: {=IFERROR( VLOOKUP( INDEX('[1]Dettaglio pacchetti'!$AB$1:$AB$530, _xlfn.AGGREGATE(15, 6, ROW($1:$345)/(ISNUMBER(SEARCH('[1]Dettaglio pacchetti'!$AB$1:$AB$530, $C15))), 1) ) & "*", '[1]Dettaglio pacchetti'!$A$1:$I$530, 9, FALSE ), IFERROR(VLOOKUP($C15, '[1]Dettaglio pacchetti'!$A$1:$I$530, 9, FALSE), "") )} -> aks | O15: OK | P15: OK | AA15: {=IFERROR(VLOOKUP(INDEX('[1]Dettaglio pacchetti'!$AB$1:$AB$530, _xlfn.AGGREGATE(15, 6, (ROW($1:$345))/(ISNUMBER(SEARCH('[1]Dettaglio pacchetti'!$AB$1:$AB$530, $C15))), 1)) & "*", '[1]Dettaglio pacchetti'!$A$1:$N$530, 13, FALSE) & "", "")} | AB15: {=IF(ISNUMBER(SEARCH("dev.azure.com", AA15)), IFERROR(VLOOKUP(INDEX('[1]Dettaglio pacchetti'!$AB$1:$AB$530, _xlfn.AGGREGATE(15, 6, (ROW($1:$345))/(ISNUMBER(SEARCH('[1]Dettaglio pacchetti'!$AB$1:$AB$530, $C15))), 1)) & "*", '[1]Dettaglio pacchetti'!$A$1:$N$530, 1, FALSE) & "", ""), "")} | AC15: {=IFERROR( VLOOKUP( INDEX('[1]Dettaglio pacchetti'!$AB$1:$AB$530, _xlfn.AGGREGATE(15,6,ROW($1:$345)/(ISNUMBER(SEARCH('[1]Dettaglio pacchetti'!$AB$1:$AB$530,$C15))),1)) & "*", '[1]Dettaglio pacchetti'!$A$1:$I$530, 7, FALSE ), IFERROR(VLOOKUP($C15, '[1]Dettaglio pacchetti'!$A$1:$I$530, 7, FALSE), "") )} -> it.integration | AD15: {=IFERROR( VLOOKUP( INDEX('[1]Dettaglio pacchetti'!$AB$1:$AB$530, _xlfn.AGGREGATE(15,6,ROW($1:$345)/(ISNUMBER(SEARCH('[1]Dettaglio pacchetti'!$AB$1:$AB$530,$C15))),1)) & "*", '[1]Dettaglio pacchetti'!$A$1:$I$530, 6, FALSE ), IFERROR(VLOOKUP($C15, '[1]Dettaglio pacchetti'!$A$1:$I$530, 6, FALSE), "") )} -> Azure Devops
C16: EAIJcapsWrapper | D16: {=IFERROR( _xlfn.LET( _xlpm.risultato, IFERROR( _xlfn.XLOOKUP(TRIM(UPPER(G16)), TRIM(UPPER(Applicazioni!$C$1:$C$474)), Applicazioni!$B$1:$B$474 ), _xlfn.XLOOKUP( TRIM(UPPER( INDEX( _xlfn._xlws.FILTER('[1]Dettaglio pacchetti'!$B$1:$B$530, TRIM(UPPER('[1]Dettaglio pacchetti'!$E$1:$E$530))=TRIM(UPPER(G16)), "" ), 1) )), TRIM(UPPER(Applicazioni!$C$1:$C$474)), Applicazioni!$B$1:$B$474 ) ), IF(_xlpm.risultato=0, "", _xlpm.risultato) ), "" )} -> C20260806_0083 | E16: {=IF(TRIM($B16)="SG-ANAGRAFE", "Bugni Batte", IF(TRIM($B16)="DW01A", "Cauda", IFERROR( VLOOKUP( INDEX('[1]Dettaglio pacchetti'!$AB$1:$AB$530, _xlfn.AGGREGATE(15, 6, (ROW($1:$345))/(ISNUMBER(SEARCH('[1]Dettaglio pacchetti'!$AB$1:$AB$530, $C16))), 1) ) & "*", '[1]Dettaglio pacchetti'!$A$1:$I$530, 3, FALSE ), IFERROR(VLOOKUP($C16, '[1]Dettaglio pacchetti'!$A$1:$I$530, 3, FALSE), "") ) ) )} -> Martino | F16: {=IF(TRIM($B16)="DW01A", "Rilascio EDW Estrattori", IFERROR( VLOOKUP( INDEX('[1]Dettaglio pacchetti'!$AB$1:$AB$530, _xlfn.AGGREGATE(15, 6, (ROW($1:$345))/(ISNUMBER(SEARCH('[1]Dettaglio pacchetti'!$AB$1:$AB$530, $C16))), 1) ) & "*", '[1]Dettaglio pacchetti'!$A$1:$I$530, 4, FALSE ), IFERROR(VLOOKUP($C16, '[1]Dettaglio pacchetti'!$A$1:$I$530, 4, FALSE), "") ) )} -> Evoluzione Sistemi Integrazione JCAPS wrapper | G16: {=IF(TRIM($B16)="DW01A", "EDW - Estrattori", IF(TRIM($B16)="SG-ANAGRAFE", "SIGEA Anagrafe", IFERROR( VLOOKUP( INDEX('[1]Dettaglio pacchetti'!$AB$1:$AB$530, _xlfn.AGGREGATE(15, 6, (ROW($1:$345))/(ISNUMBER(SEARCH('[1]Dettaglio pacchetti'!$AB$1:$AB$530, $C16))), 1) ) & "*", '[1]Dettaglio pacchetti'!$A$1:$I$530, 5, FALSE ), IFERROR(VLOOKUP($C16, '[1]Dettaglio pacchetti'!$A$1:$I$530, 5, FALSE), "") ) ) )} -> Integrazione | I16: https://dev.azure.com/realeitesorg/it.integration/_build?definitionId=3176 | J16: =IF($AC16="", "", IF(ISNUMBER(SEARCH("Ikan", $AD16)), "", HYPERLINK("https://dev.azure.com/realeitesorg/" & $AC16, $AC16) ) ) -> it.integration | K16: =IF($AC16="", "", IF(ISNUMBER(SEARCH("Ikan", $AD16)), $AC16, "" ) ) | L16: {=IFERROR( VLOOKUP( INDEX('[1]Dettaglio pacchetti'!$AB$1:$AB$530, _xlfn.AGGREGATE(15, 6, ROW($1:$345)/(ISNUMBER(SEARCH('[1]Dettaglio pacchetti'!$AB$1:$AB$530, $C16))), 1) ) & "*", '[1]Dettaglio pacchetti'!$A$1:$I$530, 8, FALSE ), IFERROR(VLOOKUP($C16, '[1]Dettaglio pacchetti'!$A$1:$I$530, 8, FALSE), "") )} -> 23.00 | M16: {=IFERROR( VLOOKUP( INDEX('[1]Dettaglio pacchetti'!$AB$1:$AB$530, _xlfn.AGGREGATE(15, 6, ROW($1:$345)/(ISNUMBER(SEARCH('[1]Dettaglio pacchetti'!$AB$1:$AB$530, $C16))), 1) ) & "*", '[1]Dettaglio pacchetti'!$A$1:$I$530, 9, FALSE ), IFERROR(VLOOKUP($C16, '[1]Dettaglio pacchetti'!$A$1:$I$530, 9, FALSE), "") )} -> aks | O16: OK | P16: OK | AA16: {=IFERROR(VLOOKUP(INDEX('[1]Dettaglio pacchetti'!$AB$1:$AB$530, _xlfn.AGGREGATE(15, 6, (ROW($1:$345))/(ISNUMBER(SEARCH('[1]Dettaglio pacchetti'!$AB$1:$AB$530, $C16))), 1)) & "*", '[1]Dettaglio pacchetti'!$A$1:$N$530, 13, FALSE) & "", "")} | AB16: {=IF(ISNUMBER(SEARCH("dev.azure.com", AA16)), IFERROR(VLOOKUP(INDEX('[1]Dettaglio pacchetti'!$AB$1:$AB$530, _xlfn.AGGREGATE(15, 6, (ROW($1:$345))/(ISNUMBER(SEARCH('[1]Dettaglio pacchetti'!$AB$1:$AB$530, $C16))), 1)) & "*", '[1]Dettaglio pacchetti'!$A$1:$N$530, 1, FALSE) & "", ""), "")} | AC16: {=IFERROR( VLOOKUP( INDEX('[1]Dettaglio pacchetti'!$AB$1:$AB$530, _xlfn.AGGREGATE(15,6,ROW($1:$345)/(ISNUMBER(SEARCH('[1]Dettaglio pacchetti'!$AB$1:$AB$530,$C16))),1)) & "*", '[1]Dettaglio pacchetti'!$A$1:$I$530, 7, FALSE ), IFERROR(VLOOKUP($C16, '[1]Dettaglio pacchetti'!$A$1:$I$530, 7, FALSE), "") )} -> it.integration | AD16: {=IFERROR( VLOOKUP( INDEX('[1]Dettaglio pacchetti'!$AB$1:$AB$530, _xlfn.AGGREGATE(15,6,ROW($1:$345)/(ISNUMBER(SEARCH('[1]Dettaglio pacchetti'!$AB$1:$AB$530,$C16))),1)) & "*", '[1]Dettaglio pacchetti'!$A$1:$I$530, 6, FALSE ), IFERROR(VLOOKUP($C16, '[1]Dettaglio pacchetti'!$A$1:$I$530, 6, FALSE), "") )} -> Azure Devops
C17: anagrafeweb.ApiAnagrafeBE_EVOLUTIVA | D17: {=IFERROR( _xlfn.LET( _xlpm.risultato, IFERROR( _xlfn.XLOOKUP(TRIM(UPPER(G17)), TRIM(UPPER(Applicazioni!$C$1:$C$474)), Applicazioni!$B$1:$B$474 ), _xlfn.XLOOKUP( TRIM(UPPER( INDEX( _xlfn._xlws.FILTER('[1]Dettaglio pacchetti'!$B$1:$B$530, TRIM(UPPER('[1]Dettaglio pacchetti'!$E$1:$E$530))=TRIM(UPPER(G17)), "" ), 1) )), TRIM(UPPER(Applicazioni!$C$1:$C$474)), Applicazioni!$B$1:$B$474 ) ), IF(_xlpm.risultato=0, "", _xlpm.risultato) ), "" )} -> C20260821_0045 | E17: {=IF(TRIM($B17)="SG-ANAGRAFE", "Bugni Batte", IF(TRIM($B17)="DW01A", "Cauda", IFERROR( VLOOKUP( INDEX('[1]Dettaglio pacchetti'!$AB$1:$AB$530, _xlfn.AGGREGATE(15, 6, (ROW($1:$345))/(ISNUMBER(SEARCH('[1]Dettaglio pacchetti'!$AB$1:$AB$530, $C17))), 1) ) & "*", '[1]Dettaglio pacchetti'!$A$1:$I$530, 3, FALSE ), IFERROR(VLOOKUP($C17, '[1]Dettaglio pacchetti'!$A$1:$I$530, 3, FALSE), "") ) ) )} -> Bugni Batte | F17: {=IF(TRIM($B17)="DW01A", "Rilascio EDW Estrattori", IFERROR( VLOOKUP( INDEX('[1]Dettaglio pacchetti'!$AB$1:$AB$530, _xlfn.AGGREGATE(15, 6, (ROW($1:$345))/(ISNUMBER(SEARCH('[1]Dettaglio pacchetti'!$AB$1:$AB$530, $C17))), 1) ) & "*", '[1]Dettaglio pacchetti'!$A$1:$I$530, 4, FALSE ), IFERROR(VLOOKUP($C17, '[1]Dettaglio pacchetti'!$A$1:$I$530, 4, FALSE), "") ) )} -> SMIANAG1 - anagrafeweb.ApiAnagrafeBE | G17: {=IF(TRIM($B17)="DW01A", "EDW - Estrattori", IF(TRIM($B17)="SG-ANAGRAFE", "SIGEA Anagrafe", IFERROR( VLOOKUP( INDEX('[1]Dettaglio pacchetti'!$AB$1:$AB$530, _xlfn.AGGREGATE(15, 6, (ROW($1:$345))/(ISNUMBER(SEARCH('[1]Dettaglio pacchetti'!$AB$1:$AB$530, $C17))), 1) ) & "*", '[1]Dettaglio pacchetti'!$A$1:$I$530, 5, FALSE ), IFERROR(VLOOKUP($C17, '[1]Dettaglio pacchetti'!$A$1:$I$530, 5, FALSE), "") ) ) )} -> AnagrafeWeb | I17: =IF(OR(AA17="", AB17=""), "", HYPERLINK(AA17, AB17)) -> ApiAnagrafeBE_EVOLUTIVA | J17: =IF($AC17="", "", IF(ISNUMBER(SEARCH("Ikan", $AD17)), "", HYPERLINK("https://dev.azure.com/realeitesorg/" & $AC17, $AC17) ) ) -> it.grma.anagrafeweb | K17: =IF($AC17="", "", IF(ISNUMBER(SEARCH("Ikan", $AD17)), $AC17, "" ) ) | L17: {=IFERROR( VLOOKUP( INDEX('[1]Dettaglio pacchetti'!$AB$1:$AB$530, _xlfn.AGGREGATE(15, 6, ROW($1:$345)/(ISNUMBER(SEARCH('[1]Dettaglio pacchetti'!$AB$1:$AB$530, $C17))), 1) ) & "*", '[1]Dettaglio pacchetti'!$A$1:$I$530, 8, FALSE ), IFERROR(VLOOKUP($C17, '[1]Dettaglio pacchetti'!$A$1:$I$530, 8, FALSE), "") )} -> 23.00 | M17: {=IFERROR( VLOOKUP( INDEX('[1]Dettaglio pacchetti'!$AB$1:$AB$530, _xlfn.AGGREGATE(15, 6, ROW($1:$345)/(ISNUMBER(SEARCH('[1]Dettaglio pacchetti'!$AB$1:$AB$530, $C17))), 1) ) & "*", '[1]Dettaglio pacchetti'!$A$1:$I$530, 9, FALSE ), IFERROR(VLOOKUP($C17, '[1]Dettaglio pacchetti'!$A$1:$I$530, 9, FALSE), "") )} -> ear | O17: OK | P17: OK | AA17: {=IFERROR(VLOOKUP(INDEX('[1]Dettaglio pacchetti'!$AB$1:$AB$530, _xlfn.AGGREGATE(15, 6, (ROW($1:$345))/(ISNUMBER(SEARCH('[1]Dettaglio pacchetti'!$AB$1:$AB$530, $C17))), 1)) & "*", '[1]Dettaglio pacchetti'!$A$1:$N$530, 13, FALSE) & "", "")} -> https://dev.azure.com/realeitesorg/it.grma.anagrafeweb/_build?definitionId=3277 | AB17: {=IF(ISNUMBER(SEARCH("dev.azure.com", AA17)), IFERROR(VLOOKUP(INDEX('[1]Dettaglio pacchetti'!$AB$1:$AB$530, _xlfn.AGGREGATE(15, 6, (ROW($1:$345))/(ISNUMBER(SEARCH('[1]Dettaglio pacchetti'!$AB$1:$AB$530, $C17))), 1)) & "*", '[1]Dettaglio pacchetti'!$A$1:$N$530, 1, FALSE) & "", ""), "")} -> ApiAnagrafeBE_EVOLUTIVA | AC17: {=IFERROR( VLOOKUP( INDEX('[1]Dettaglio pacchetti'!$AB$1:$AB$530, _xlfn.AGGREGATE(15,6,ROW($1:$345)/(ISNUMBER(SEARCH('[1]Dettaglio pacchetti'!$AB$1:$AB$530,$C17))),1)) & "*", '[1]Dettaglio pacchetti'!$A$1:$I$530, 7, FALSE ), IFERROR(VLOOKUP($C17, '[1]Dettaglio pacchetti'!$A$1:$I$530, 7, FALSE), "") )} -> it.grma.anagrafeweb | AD17: {=IFERROR( VLOOKUP( INDEX('[1]Dettaglio pacchetti'!$AB$1:$AB$530, _xlfn.AGGREGATE(15,6,ROW($1:$345)/(ISNUMBER(SEARCH('[1]Dettaglio pacchetti'!$AB$1:$AB$530,$C17))),1)) & "*", '[1]Dettaglio pacchetti'!$A$1:$I$530, 6, FALSE ), IFERROR(VLOOKUP($C17, '[1]Dettaglio pacchetti'!$A$1:$I$530, 6, FALSE), "") )} -> Azure Devops
C18: APIAutoRealeItes_EVOLUTIVA | D18: {=IFERROR( _xlfn.LET( _xlpm.risultato, IFERROR( _xlfn.XLOOKUP(TRIM(UPPER(G18)), TRIM(UPPER(Applicazioni!$C$1:$C$474)), Applicazioni!$B$1:$B$474 ), _xlfn.XLOOKUP( TRIM(UPPER( INDEX( _xlfn._xlws.FILTER('[1]Dettaglio pacchetti'!$B$1:$B$530, TRIM(UPPER('[1]Dettaglio pacchetti'!$E$1:$E$530))=TRIM(UPPER(G18)), "" ), 1) )), TRIM(UPPER(Applicazioni!$C$1:$C$474)), Applicazioni!$B$1:$B$474 ) ), IF(_xlpm.risultato=0, "", _xlpm.risultato) ), "" )} -> C20260820_0013 | E18: {=IF(TRIM($B18)="SG-ANAGRAFE", "Bugni Batte", IF(TRIM($B18)="DW01A", "Cauda", IFERROR( VLOOKUP( INDEX('[1]Dettaglio pacchetti'!$AB$1:$AB$530, _xlfn.AGGREGATE(15, 6, (ROW($1:$345))/(ISNUMBER(SEARCH('[1]Dettaglio pacchetti'!$AB$1:$AB$530, $C18))), 1) ) & "*", '[1]Dettaglio pacchetti'!$A$1:$I$530, 3, FALSE ), IFERROR(VLOOKUP($C18, '[1]Dettaglio pacchetti'!$A$1:$I$530, 3, FALSE), "") ) ) )} -> Martino | F18: {=IF(TRIM($B18)="DW01A", "Rilascio EDW Estrattori", IFERROR( VLOOKUP( INDEX('[1]Dettaglio pacchetti'!$AB$1:$AB$530, _xlfn.AGGREGATE(15, 6, (ROW($1:$345))/(ISNUMBER(SEARCH('[1]Dettaglio pacchetti'!$AB$1:$AB$530, $C18))), 1) ) & "*", '[1]Dettaglio pacchetti'!$A$1:$I$530, 4, FALSE ), IFERROR(VLOOKUP($C18, '[1]Dettaglio pacchetti'!$A$1:$I$530, 4, FALSE), "") ) )} -> Rilascio APIAutoRealeItes | G18: {=IF(TRIM($B18)="DW01A", "EDW - Estrattori", IF(TRIM($B18)="SG-ANAGRAFE", "SIGEA Anagrafe", IFERROR( VLOOKUP( INDEX('[1]Dettaglio pacchetti'!$AB$1:$AB$530, _xlfn.AGGREGATE(15, 6, (ROW($1:$345))/(ISNUMBER(SEARCH('[1]Dettaglio pacchetti'!$AB$1:$AB$530, $C18))), 1) ) & "*", '[1]Dettaglio pacchetti'!$A$1:$I$530, 5, FALSE ), IFERROR(VLOOKUP($C18, '[1]Dettaglio pacchetti'!$A$1:$I$530, 5, FALSE), "") ) ) )} -> BSA/BFF vari | I18: =IF(OR(AA18="", AB18=""), "", HYPERLINK(AA18, AB18)) -> APIAutoRealeItes_EVOLUTIVA | J18: =IF($AC18="", "", IF(ISNUMBER(SEARCH("Ikan", $AD18)), "", HYPERLINK("https://dev.azure.com/realeitesorg/" & $AC18, $AC18) ) ) -> it.apiServiceLayer | K18: =IF($AC18="", "", IF(ISNUMBER(SEARCH("Ikan", $AD18)), $AC18, "" ) ) | L18: {=IFERROR( VLOOKUP( INDEX('[1]Dettaglio pacchetti'!$AB$1:$AB$530, _xlfn.AGGREGATE(15, 6, ROW($1:$345)/(ISNUMBER(SEARCH('[1]Dettaglio pacchetti'!$AB$1:$AB$530, $C18))), 1) ) & "*", '[1]Dettaglio pacchetti'!$A$1:$I$530, 8, FALSE ), IFERROR(VLOOKUP($C18, '[1]Dettaglio pacchetti'!$A$1:$I$530, 8, FALSE), "") )} -> 23.00 | M18: {=IFERROR( VLOOKUP( INDEX('[1]Dettaglio pacchetti'!$AB$1:$AB$530, _xlfn.AGGREGATE(15, 6, ROW($1:$345)/(ISNUMBER(SEARCH('[1]Dettaglio pacchetti'!$AB$1:$AB$530, $C18))), 1) ) & "*", '[1]Dettaglio pacchetti'!$A$1:$I$530, 9, FALSE ), IFERROR(VLOOKUP($C18, '[1]Dettaglio pacchetti'!$A$1:$I$530, 9, FALSE), "") )} -> aks | O18: OK | P18: OK | AA18: {=IFERROR(VLOOKUP(INDEX('[1]Dettaglio pacchetti'!$AB$1:$AB$530, _xlfn.AGGREGATE(15, 6, (ROW($1:$345))/(ISNUMBER(SEARCH('[1]Dettaglio pacchetti'!$AB$1:$AB$530, $C18))), 1)) & "*", '[1]Dettaglio pacchetti'!$A$1:$N$530, 13, FALSE) & "", "")} -> https://dev.azure.com/realeitesorg/it.apiServiceLayer/_build?definitionId=917 | AB18: {=IF(ISNUMBER(SEARCH("dev.azure.com", AA18)), IFERROR(VLOOKUP(INDEX('[1]Dettaglio pacchetti'!$AB$1:$AB$530, _xlfn.AGGREGATE(15, 6, (ROW($1:$345))/(ISNUMBER(SEARCH('[1]Dettaglio pacchetti'!$AB$1:$AB$530, $C18))), 1)) & "*", '[1]Dettaglio pacchetti'!$A$1:$N$530, 1, FALSE) & "", ""), "")} -> APIAutoRealeItes_EVOLUTIVA | AC18: {=IFERROR( VLOOKUP( INDEX('[1]Dettaglio pacchetti'!$AB$1:$AB$530, _xlfn.AGGREGATE(15,6,ROW($1:$345)/(ISNUMBER(SEARCH('[1]Dettaglio pacchetti'!$AB$1:$AB$530,$C18))),1)) & "*", '[1]Dettaglio pacchetti'!$A$1:$I$530, 7, FALSE ), IFERROR(VLOOKUP($C18, '[1]Dettaglio pacchetti'!$A$1:$I$530, 7, FALSE), "") )} -> it.apiServiceLayer | AD18: {=IFERROR( VLOOKUP( INDEX('[1]Dettaglio pacchetti'!$AB$1:$AB$530, _xlfn.AGGREGATE(15,6,ROW($1:$345)/(ISNUMBER(SEARCH('[1]Dettaglio pacchetti'!$AB$1:$AB$530,$C18))),1)) & "*", '[1]Dettaglio pacchetti'!$A$1:$I$530, 6, FALSE ), IFERROR(VLOOKUP($C18, '[1]Dettaglio pacchetti'!$A$1:$I$530, 6, FALSE), "") )} -> Azure Devops
C19: APIDanniNonAutoRealeItes_EVOLUTIVA | D19: {=IFERROR( _xlfn.LET( _xlpm.risultato, IFERROR( _xlfn.XLOOKUP(TRIM(UPPER(G19)), TRIM(UPPER(Applicazioni!$C$1:$C$474)), Applicazioni!$B$1:$B$474 ), _xlfn.XLOOKUP( TRIM(UPPER( INDEX( _xlfn._xlws.FILTER('[1]Dettaglio pacchetti'!$B$1:$B$530, TRIM(UPPER('[1]Dettaglio pacchetti'!$E$1:$E$530))=TRIM(UPPER(G19)), "" ), 1) )), TRIM(UPPER(Applicazioni!$C$1:$C$474)), Applicazioni!$B$1:$B$474 ) ), IF(_xlpm.risultato=0, "", _xlpm.risultato) ), "" )} -> C20260820_0013 | E19: {=IF(TRIM($B19)="SG-ANAGRAFE", "Bugni Batte", IF(TRIM($B19)="DW01A", "Cauda", IFERROR( VLOOKUP( INDEX('[1]Dettaglio pacchetti'!$AB$1:$AB$530, _xlfn.AGGREGATE(15, 6, (ROW($1:$345))/(ISNUMBER(SEARCH('[1]Dettaglio pacchetti'!$AB$1:$AB$530, $C19))), 1) ) & "*", '[1]Dettaglio pacchetti'!$A$1:$I$530, 3, FALSE ), IFERROR(VLOOKUP($C19, '[1]Dettaglio pacchetti'!$A$1:$I$530, 3, FALSE), "") ) ) )} -> Martino | F19: {=IF(TRIM($B19)="DW01A", "Rilascio EDW Estrattori", IFERROR( VLOOKUP( INDEX('[1]Dettaglio pacchetti'!$AB$1:$AB$530, _xlfn.AGGREGATE(15, 6, (ROW($1:$345))/(ISNUMBER(SEARCH('[1]Dettaglio pacchetti'!$AB$1:$AB$530, $C19))), 1) ) & "*", '[1]Dettaglio pacchetti'!$A$1:$I$530, 4, FALSE ), IFERROR(VLOOKUP($C19, '[1]Dettaglio pacchetti'!$A$1:$I$530, 4, FALSE), "") ) )} -> Rilascio APIDanniNonAutoRealeItes | G19: {=IF(TRIM($B19)="DW01A", "EDW - Estrattori", IF(TRIM($B19)="SG-ANAGRAFE", "SIGEA Anagrafe", IFERROR( VLOOKUP( INDEX('[1]Dettaglio pacchetti'!$AB$1:$AB$530, _xlfn.AGGREGATE(15, 6, (ROW($1:$345))/(ISNUMBER(SEARCH('[1]Dettaglio pacchetti'!$AB$1:$AB$530, $C19))), 1) ) & "*", '[1]Dettaglio pacchetti'!$A$1:$I$530, 5, FALSE ), IFERROR(VLOOKUP($C19, '[1]Dettaglio pacchetti'!$A$1:$I$530, 5, FALSE), "") ) ) )} -> BSA/BFF vari | I19: =IF(OR(AA19="", AB19=""), "", HYPERLINK(AA19, AB19)) -> APIDanniNonAutoRealeItes_EVOLUTIVA | J19: =IF($AC19="", "", IF(ISNUMBER(SEARCH("Ikan", $AD19)), "", HYPERLINK("https://dev.azure.com/realeitesorg/" & $AC19, $AC19) ) ) -> it.apiServiceLayer | K19: =IF($AC19="", "", IF(ISNUMBER(SEARCH("Ikan", $AD19)), $AC19, "" ) ) | L19: {=IFERROR( VLOOKUP( INDEX('[1]Dettaglio pacchetti'!$AB$1:$AB$530, _xlfn.AGGREGATE(15, 6, ROW($1:$345)/(ISNUMBER(SEARCH('[1]Dettaglio pacchetti'!$AB$1:$AB$530, $C19))), 1) ) & "*", '[1]Dettaglio pacchetti'!$A$1:$I$530, 8, FALSE ), IFERROR(VLOOKUP($C19, '[1]Dettaglio pacchetti'!$A$1:$I$530, 8, FALSE), "") )} -> 23.00 | M19: {=IFERROR( VLOOKUP( INDEX('[1]Dettaglio pacchetti'!$AB$1:$AB$530, _xlfn.AGGREGATE(15, 6, ROW($1:$345)/(ISNUMBER(SEARCH('[1]Dettaglio pacchetti'!$AB$1:$AB$530, $C19))), 1) ) & "*", '[1]Dettaglio pacchetti'!$A$1:$I$530, 9, FALSE ), IFERROR(VLOOKUP($C19, '[1]Dettaglio pacchetti'!$A$1:$I$530, 9, FALSE), "") )} -> aks | O19: OK | P19: OK | AA19: {=IFERROR(VLOOKUP(INDEX('[1]Dettaglio pacchetti'!$AB$1:$AB$530, _xlfn.AGGREGATE(15, 6, (ROW($1:$345))/(ISNUMBER(SEARCH('[1]Dettaglio pacchetti'!$AB$1:$AB$530, $C19))), 1)) & "*", '[1]Dettaglio pacchetti'!$A$1:$N$530, 13, FALSE) & "", "")} -> https://dev.azure.com/realeitesorg/it.apiServiceLayer/_build?definitionId=922 | AB19: {=IF(ISNUMBER(SEARCH("dev.azure.com", AA19)), IFERROR(VLOOKUP(INDEX('[1]Dettaglio pacchetti'!$AB$1:$AB$530, _xlfn.AGGREGATE(15, 6, (ROW($1:$345))/(ISNUMBER(SEARCH('[1]Dettaglio pacchetti'!$AB$1:$AB$530, $C19))), 1)) & "*", '[1]Dettaglio pacchetti'!$A$1:$N$530, 1, FALSE) & "", ""), "")} -> APIDanniNonAutoRealeItes_EVOLUTIVA | AC19: {=IFERROR( VLOOKUP( INDEX('[1]Dettaglio pacchetti'!$AB$1:$AB$530, _xlfn.AGGREGATE(15,6,ROW($1:$345)/(ISNUMBER(SEARCH('[1]Dettaglio pacchetti'!$AB$1:$AB$530,$C19))),1)) & "*", '[1]Dettaglio pacchetti'!$A$1:$I$530, 7, FALSE ), IFERROR(VLOOKUP($C19, '[1]Dettaglio pacchetti'!$A$1:$I$530, 7, FALSE), "") )} -> it.apiServiceLayer | AD19: {=IFERROR( VLOOKUP( INDEX('[1]Dettaglio pacchetti'!$AB$1:$AB$530, _xlfn.AGGREGATE(15,6,ROW($1:$345)/(ISNUMBER(SEARCH('[1]Dettaglio pacchetti'!$AB$1:$AB$530,$C19))),1)) & "*", '[1]Dettaglio pacchetti'!$A$1:$I$530, 6, FALSE ), IFERROR(VLOOKUP($C19, '[1]Dettaglio pacchetti'!$A$1:$I$530, 6, FALSE), "") )} -> Azure Devops
C20: APIDocumentaleRealeItes_EVOLUTIVA | D20: {=IFERROR( _xlfn.LET( _xlpm.risultato, IFERROR( _xlfn.XLOOKUP(TRIM(UPPER(G20)), TRIM(UPPER(Applicazioni!$C$1:$C$474)), Applicazioni!$B$1:$B$474 ), _xlfn.XLOOKUP( TRIM(UPPER( INDEX( _xlfn._xlws.FILTER('[1]Dettaglio pacchetti'!$B$1:$B$530, TRIM(UPPER('[1]Dettaglio pacchetti'!$E$1:$E$530))=TRIM(UPPER(G20)), "" ), 1) )), TRIM(UPPER(Applicazioni!$C$1:$C$474)), Applicazioni!$B$1:$B$474 ) ), IF(_xlpm.risultato=0, "", _xlpm.risultato) ), "" )} -> C20260820_0013 | E20: {=IF(TRIM($B20)="SG-ANAGRAFE", "Bugni Batte", IF(TRIM($B20)="DW01A", "Cauda", IFERROR( VLOOKUP( INDEX('[1]Dettaglio pacchetti'!$AB$1:$AB$530, _xlfn.AGGREGATE(15, 6, (ROW($1:$345))/(ISNUMBER(SEARCH('[1]Dettaglio pacchetti'!$AB$1:$AB$530, $C20))), 1) ) & "*", '[1]Dettaglio pacchetti'!$A$1:$I$530, 3, FALSE ), IFERROR(VLOOKUP($C20, '[1]Dettaglio pacchetti'!$A$1:$I$530, 3, FALSE), "") ) ) )} -> Martino | F20: {=IF(TRIM($B20)="DW01A", "Rilascio EDW Estrattori", IFERROR( VLOOKUP( INDEX('[1]Dettaglio pacchetti'!$AB$1:$AB$530, _xlfn.AGGREGATE(15, 6, (ROW($1:$345))/(ISNUMBER(SEARCH('[1]Dettaglio pacchetti'!$AB$1:$AB$530, $C20))), 1) ) & "*", '[1]Dettaglio pacchetti'!$A$1:$I$530, 4, FALSE ), IFERROR(VLOOKUP($C20, '[1]Dettaglio pacchetti'!$A$1:$I$530, 4, FALSE), "") ) )} -> Rilascio APIDocumentaleRealeItes | G20: {=IF(TRIM($B20)="DW01A", "EDW - Estrattori", IF(TRIM($B20)="SG-ANAGRAFE", "SIGEA Anagrafe", IFERROR( VLOOKUP( INDEX('[1]Dettaglio pacchetti'!$AB$1:$AB$530, _xlfn.AGGREGATE(15, 6, (ROW($1:$345))/(ISNUMBER(SEARCH('[1]Dettaglio pacchetti'!$AB$1:$AB$530, $C20))), 1) ) & "*", '[1]Dettaglio pacchetti'!$A$1:$I$530, 5, FALSE ), IFERROR(VLOOKUP($C20, '[1]Dettaglio pacchetti'!$A$1:$I$530, 5, FALSE), "") ) ) )} -> BSA/BFF vari | I20: =IF(OR(AA20="", AB20=""), "", HYPERLINK(AA20, AB20)) -> APIDocumentaleRealeItes_EVOLUTIVA | J20: =IF($AC20="", "", IF(ISNUMBER(SEARCH("Ikan", $AD20)), "", HYPERLINK("https://dev.azure.com/realeitesorg/" & $AC20, $AC20) ) ) -> it.apiServiceLayer | K20: =IF($AC20="", "", IF(ISNUMBER(SEARCH("Ikan", $AD20)), $AC20, "" ) ) | L20: {=IFERROR( VLOOKUP( INDEX('[1]Dettaglio pacchetti'!$AB$1:$AB$530, _xlfn.AGGREGATE(15, 6, ROW($1:$345)/(ISNUMBER(SEARCH('[1]Dettaglio pacchetti'!$AB$1:$AB$530, $C20))), 1) ) & "*", '[1]Dettaglio pacchetti'!$A$1:$I$530, 8, FALSE ), IFERROR(VLOOKUP($C20, '[1]Dettaglio pacchetti'!$A$1:$I$530, 8, FALSE), "") )} -> 23.00 | M20: {=IFERROR( VLOOKUP( INDEX('[1]Dettaglio pacchetti'!$AB$1:$AB$530, _xlfn.AGGREGATE(15, 6, ROW($1:$345)/(ISNUMBER(SEARCH('[1]Dettaglio pacchetti'!$AB$1:$AB$530, $C20))), 1) ) & "*", '[1]Dettaglio pacchetti'!$A$1:$I$530, 9, FALSE ), IFERROR(VLOOKUP($C20, '[1]Dettaglio pacchetti'!$A$1:$I$530, 9, FALSE), "") )} -> aks | O20: OK | P20: OK | AA20: {=IFERROR(VLOOKUP(INDEX('[1]Dettaglio pacchetti'!$AB$1:$AB$530, _xlfn.AGGREGATE(15, 6, (ROW($1:$345))/(ISNUMBER(SEARCH('[1]Dettaglio pacchetti'!$AB$1:$AB$530, $C20))), 1)) & "*", '[1]Dettaglio pacchetti'!$A$1:$N$530, 13, FALSE) & "", "")} -> https://dev.azure.com/realeitesorg/it.apiServiceLayer/_build?definitionId=892 | AB20: {=IF(ISNUMBER(SEARCH("dev.azure.com", AA20)), IFERROR(VLOOKUP(INDEX('[1]Dettaglio pacchetti'!$AB$1:$AB$530, _xlfn.AGGREGATE(15, 6, (ROW($1:$345))/(ISNUMBER(SEARCH('[1]Dettaglio pacchetti'!$AB$1:$AB$530, $C20))), 1)) & "*", '[1]Dettaglio pacchetti'!$A$1:$N$530, 1, FALSE) & "", ""), "")} -> APIDocumentaleRealeItes_EVOLUTIVA | AC20: {=IFERROR( VLOOKUP( INDEX('[1]Dettaglio pacchetti'!$AB$1:$AB$530, _xlfn.AGGREGATE(15,6,ROW($1:$345)/(ISNUMBER(SEARCH('[1]Dettaglio pacchetti'!$AB$1:$AB$530,$C20))),1)) & "*", '[1]Dettaglio pacchetti'!$A$1:$I$530, 7, FALSE ), IFERROR(VLOOKUP($C20, '[1]Dettaglio pacchetti'!$A$1:$I$530, 7, FALSE), "") )} -> it.apiServiceLayer | AD20: {=IFERROR( VLOOKUP( INDEX('[1]Dettaglio pacchetti'!$AB$1:$AB$530, _xlfn.AGGREGATE(15,6,ROW($1:$345)/(ISNUMBER(SEARCH('[1]Dettaglio pacchetti'!$AB$1:$AB$530,$C20))),1)) & "*", '[1]Dettaglio pacchetti'!$A$1:$I$530, 6, FALSE ), IFERROR(VLOOKUP($C20, '[1]Dettaglio pacchetti'!$A$1:$I$530, 6, FALSE), "") )} -> Azure Devops
C21: APIQuestionarioAdeguatezzaRealeItes_EVOLUTIVA | D21: {=IFERROR( _xlfn.LET( _xlpm.risultato, IFERROR( _xlfn.XLOOKUP(TRIM(UPPER(G21)), TRIM(UPPER(Applicazioni!$C$1:$C$474)), Applicazioni!$B$1:$B$474 ), _xlfn.XLOOKUP( TRIM(UPPER( INDEX( _xlfn._xlws.FILTER('[1]Dettaglio pacchetti'!$B$1:$B$530, TRIM(UPPER('[1]Dettaglio pacchetti'!$E$1:$E$530))=TRIM(UPPER(G21)), "" ), 1) )), TRIM(UPPER(Applicazioni!$C$1:$C$474)), Applicazioni!$B$1:$B$474 ) ), IF(_xlpm.risultato=0, "", _xlpm.risultato) ), "" )} -> C20260820_0013 | E21: {=IF(TRIM($B21)="SG-ANAGRAFE", "Bugni Batte", IF(TRIM($B21)="DW01A", "Cauda", IFERROR( VLOOKUP( INDEX('[1]Dettaglio pacchetti'!$AB$1:$AB$530, _xlfn.AGGREGATE(15, 6, (ROW($1:$345))/(ISNUMBER(SEARCH('[1]Dettaglio pacchetti'!$AB$1:$AB$530, $C21))), 1) ) & "*", '[1]Dettaglio pacchetti'!$A$1:$I$530, 3, FALSE ), IFERROR(VLOOKUP($C21, '[1]Dettaglio pacchetti'!$A$1:$I$530, 3, FALSE), "") ) ) )} -> Martino | F21: {=IF(TRIM($B21)="DW01A", "Rilascio EDW Estrattori", IFERROR( VLOOKUP( INDEX('[1]Dettaglio pacchetti'!$AB$1:$AB$530, _xlfn.AGGREGATE(15, 6, (ROW($1:$345))/(ISNUMBER(SEARCH('[1]Dettaglio pacchetti'!$AB$1:$AB$530, $C21))), 1) ) & "*", '[1]Dettaglio pacchetti'!$A$1:$I$530, 4, FALSE ), IFERROR(VLOOKUP($C21, '[1]Dettaglio pacchetti'!$A$1:$I$530, 4, FALSE), "") ) )} -> Rilascio APIQuestionarioAdeguatezzaRealeItes | G21: {=IF(TRIM($B21)="DW01A", "EDW - Estrattori", IF(TRIM($B21)="SG-ANAGRAFE", "SIGEA Anagrafe", IFERROR( VLOOKUP( INDEX('[1]Dettaglio pacchetti'!$AB$1:$AB$530, _xlfn.AGGREGATE(15, 6, (ROW($1:$345))/(ISNUMBER(SEARCH('[1]Dettaglio pacchetti'!$AB$1:$AB$530, $C21))), 1) ) & "*", '[1]Dettaglio pacchetti'!$A$1:$I$530, 5, FALSE ), IFERROR(VLOOKUP($C21, '[1]Dettaglio pacchetti'!$A$1:$I$530, 5, FALSE), "") ) ) )} -> BSA/BFF vari | I21: =IF(OR(AA21="", AB21=""), "", HYPERLINK(AA21, AB21)) -> APIQuestionarioAdeguatezzaRealeItes_EVOLUTIVA | J21: =IF($AC21="", "", IF(ISNUMBER(SEARCH("Ikan", $AD21)), "", HYPERLINK("https://dev.azure.com/realeitesorg/" & $AC21, $AC21) ) ) -> it.apiServiceLayer | K21: =IF($AC21="", "", IF(ISNUMBER(SEARCH("Ikan", $AD21)), $AC21, "" ) ) | L21: {=IFERROR( VLOOKUP( INDEX('[1]Dettaglio pacchetti'!$AB$1:$AB$530, _xlfn.AGGREGATE(15, 6, ROW($1:$345)/(ISNUMBER(SEARCH('[1]Dettaglio pacchetti'!$AB$1:$AB$530, $C21))), 1) ) & "*", '[1]Dettaglio pacchetti'!$A$1:$I$530, 8, FALSE ), IFERROR(VLOOKUP($C21, '[1]Dettaglio pacchetti'!$A$1:$I$530, 8, FALSE), "") )} -> 23.00 | M21: {=IFERROR( VLOOKUP( INDEX('[1]Dettaglio pacchetti'!$AB$1:$AB$530, _xlfn.AGGREGATE(15, 6, ROW($1:$345)/(ISNUMBER(SEARCH('[1]Dettaglio pacchetti'!$AB$1:$AB$530, $C21))), 1) ) & "*", '[1]Dettaglio pacchetti'!$A$1:$I$530, 9, FALSE ), IFERROR(VLOOKUP($C21, '[1]Dettaglio pacchetti'!$A$1:$I$530, 9, FALSE), "") )} -> aks | O21: OK | P21: OK | AA21: {=IFERROR(VLOOKUP(INDEX('[1]Dettaglio pacchetti'!$AB$1:$AB$530, _xlfn.AGGREGATE(15, 6, (ROW($1:$345))/(ISNUMBER(SEARCH('[1]Dettaglio pacchetti'!$AB$1:$AB$530, $C21))), 1)) & "*", '[1]Dettaglio pacchetti'!$A$1:$N$530, 13, FALSE) & "", "")} -> https://dev.azure.com/realeitesorg/it.apiServiceLayer/_build?definitionId=856 | AB21: {=IF(ISNUMBER(SEARCH("dev.azure.com", AA21)), IFERROR(VLOOKUP(INDEX('[1]Dettaglio pacchetti'!$AB$1:$AB$530, _xlfn.AGGREGATE(15, 6, (ROW($1:$345))/(ISNUMBER(SEARCH('[1]Dettaglio pacchetti'!$AB$1:$AB$530, $C21))), 1)) & "*", '[1]Dettaglio pacchetti'!$A$1:$N$530, 1, FALSE) & "", ""), "")} -> APIQuestionarioAdeguatezzaRealeItes_EVOLUTIVA | AC21: {=IFERROR( VLOOKUP( INDEX('[1]Dettaglio pacchetti'!$AB$1:$AB$530, _xlfn.AGGREGATE(15,6,ROW($1:$345)/(ISNUMBER(SEARCH('[1]Dettaglio pacchetti'!$AB$1:$AB$530,$C21))),1)) & "*", '[1]Dettaglio pacchetti'!$A$1:$I$530, 7, FALSE ), IFERROR(VLOOKUP($C21, '[1]Dettaglio pacchetti'!$A$1:$I$530, 7, FALSE), "") )} -> it.apiServiceLayer | AD21: {=IFERROR( VLOOKUP( INDEX('[1]Dettaglio pacchetti'!$AB$1:$AB$530, _xlfn.AGGREGATE(15,6,ROW($1:$345)/(ISNUMBER(SEARCH('[1]Dettaglio pacchetti'!$AB$1:$AB$530,$C21))),1)) & "*", '[1]Dettaglio pacchetti'!$A$1:$I$530, 6, FALSE ), IFERROR(VLOOKUP($C21, '[1]Dettaglio pacchetti'!$A$1:$I$530, 6, FALSE), "") )} -> Azure Devops
C22: APIComuneRealeItes - CONFIG PRODUZIONE | D22: {=IFERROR( _xlfn.LET( _xlpm.risultato, IFERROR( _xlfn.XLOOKUP(TRIM(UPPER(G22)), TRIM(UPPER(Applicazioni!$C$1:$C$474)), Applicazioni!$B$1:$B$474 ), _xlfn.XLOOKUP( TRIM(UPPER( INDEX( _xlfn._xlws.FILTER('[1]Dettaglio pacchetti'!$B$1:$B$530, TRIM(UPPER('[1]Dettaglio pacchetti'!$E$1:$E$530))=TRIM(UPPER(G22)), "" ), 1) )), TRIM(UPPER(Applicazioni!$C$1:$C$474)), Applicazioni!$B$1:$B$474 ) ), IF(_xlpm.risultato=0, "", _xlpm.risultato) ), "" )} -> C20260820_0013 | E22: {=IF(TRIM($B22)="SG-ANAGRAFE", "Bugni Batte", IF(TRIM($B22)="DW01A", "Cauda", IFERROR( VLOOKUP( INDEX('[1]Dettaglio pacchetti'!$AB$1:$AB$530, _xlfn.AGGREGATE(15, 6, (ROW($1:$345))/(ISNUMBER(SEARCH('[1]Dettaglio pacchetti'!$AB$1:$AB$530, $C22))), 1) ) & "*", '[1]Dettaglio pacchetti'!$A$1:$I$530, 3, FALSE ), IFERROR(VLOOKUP($C22, '[1]Dettaglio pacchetti'!$A$1:$I$530, 3, FALSE), "") ) ) )} -> Martino | F22: {=IF(TRIM($B22)="DW01A", "Rilascio EDW Estrattori", IFERROR( VLOOKUP( INDEX('[1]Dettaglio pacchetti'!$AB$1:$AB$530, _xlfn.AGGREGATE(15, 6, (ROW($1:$345))/(ISNUMBER(SEARCH('[1]Dettaglio pacchetti'!$AB$1:$AB$530, $C22))), 1) ) & "*", '[1]Dettaglio pacchetti'!$A$1:$I$530, 4, FALSE ), IFERROR(VLOOKUP($C22, '[1]Dettaglio pacchetti'!$A$1:$I$530, 4, FALSE), "") ) )} -> Rilascio APIComuneRealeItes - CONFIG PRODUZIONE | G22: {=IF(TRIM($B22)="DW01A", "EDW - Estrattori", IF(TRIM($B22)="SG-ANAGRAFE", "SIGEA Anagrafe", IFERROR( VLOOKUP( INDEX('[1]Dettaglio pacchetti'!$AB$1:$AB$530, _xlfn.AGGREGATE(15, 6, (ROW($1:$345))/(ISNUMBER(SEARCH('[1]Dettaglio pacchetti'!$AB$1:$AB$530, $C22))), 1) ) & "*", '[1]Dettaglio pacchetti'!$A$1:$I$530, 5, FALSE ), IFERROR(VLOOKUP($C22, '[1]Dettaglio pacchetti'!$A$1:$I$530, 5, FALSE), "") ) ) )} -> BSA/BFF vari | I22: =IF(OR(AA22="", AB22=""), "", HYPERLINK(AA22, AB22)) -> APIComuneRealeItes - CONFIG PRODUZIONE | J22: =IF($AC22="", "", IF(ISNUMBER(SEARCH("Ikan", $AD22)), "", HYPERLINK("https://dev.azure.com/realeitesorg/" & $AC22, $AC22) ) ) -> it.apiServiceLayer | K22: =IF($AC22="", "", IF(ISNUMBER(SEARCH("Ikan", $AD22)), $AC22, "" ) ) | L22: {=IFERROR( VLOOKUP( INDEX('[1]Dettaglio pacchetti'!$AB$1:$AB$530, _xlfn.AGGREGATE(15, 6, ROW($1:$345)/(ISNUMBER(SEARCH('[1]Dettaglio pacchetti'!$AB$1:$AB$530, $C22))), 1) ) & "*", '[1]Dettaglio pacchetti'!$A$1:$I$530, 8, FALSE ), IFERROR(VLOOKUP($C22, '[1]Dettaglio pacchetti'!$A$1:$I$530, 8, FALSE), "") )} -> 22.00 | M22: {=IFERROR( VLOOKUP( INDEX('[1]Dettaglio pacchetti'!$AB$1:$AB$530, _xlfn.AGGREGATE(15, 6, ROW($1:$345)/(ISNUMBER(SEARCH('[1]Dettaglio pacchetti'!$AB$1:$AB$530, $C22))), 1) ) & "*", '[1]Dettaglio pacchetti'!$A$1:$I$530, 9, FALSE ), IFERROR(VLOOKUP($C22, '[1]Dettaglio pacchetti'!$A$1:$I$530, 9, FALSE), "") )} -> aks | O22: OK | P22: OK | AA22: {=IFERROR(VLOOKUP(INDEX('[1]Dettaglio pacchetti'!$AB$1:$AB$530, _xlfn.AGGREGATE(15, 6, (ROW($1:$345))/(ISNUMBER(SEARCH('[1]Dettaglio pacchetti'!$AB$1:$AB$530, $C22))), 1)) & "*", '[1]Dettaglio pacchetti'!$A$1:$N$530, 13, FALSE) & "", "")} -> https://dev.azure.com/realeitesorg/it.apiServiceLayer/_build?definitionId=4172 | AB22: {=IF(ISNUMBER(SEARCH("dev.azure.com", AA22)), IFERROR(VLOOKUP(INDEX('[1]Dettaglio pacchetti'!$AB$1:$AB$530, _xlfn.AGGREGATE(15, 6, (ROW($1:$345))/(ISNUMBER(SEARCH('[1]Dettaglio pacchetti'!$AB$1:$AB$530, $C22))), 1)) & "*", '[1]Dettaglio pacchetti'!$A$1:$N$530, 1, FALSE) & "", ""), "")} -> APIComuneRealeItes - CONFIG PRODUZIONE | AC22: {=IFERROR( VLOOKUP( INDEX('[1]Dettaglio pacchetti'!$AB$1:$AB$530, _xlfn.AGGREGATE(15,6,ROW($1:$345)/(ISNUMBER(SEARCH('[1]Dettaglio pacchetti'!$AB$1:$AB$530,$C22))),1)) & "*", '[1]Dettaglio pacchetti'!$A$1:$I$530, 7, FALSE ), IFERROR(VLOOKUP($C22, '[1]Dettaglio pacchetti'!$A$1:$I$530, 7, FALSE), "") )} -> it.apiServiceLayer | AD22: {=IFERROR( VLOOKUP( INDEX('[1]Dettaglio pacchetti'!$AB$1:$AB$530, _xlfn.AGGREGATE(15,6,ROW($1:$345)/(ISNUMBER(SEARCH('[1]Dettaglio pacchetti'!$AB$1:$AB$530,$C22))),1)) & "*", '[1]Dettaglio pacchetti'!$A$1:$I$530, 6, FALSE ), IFERROR(VLOOKUP($C22, '[1]Dettaglio pacchetti'!$A$1:$I$530, 6, FALSE), "") )} -> Azure Devops
C23: X_PROD_ALL_EVO_20260919 | D23: {=IFERROR( _xlfn.LET( _xlpm.risultato, IFERROR( _xlfn.XLOOKUP(TRIM(UPPER(G23)), TRIM(UPPER(Applicazioni!$C$1:$C$474)), Applicazioni!$B$1:$B$474 ), _xlfn.XLOOKUP( TRIM(UPPER( INDEX( _xlfn._xlws.FILTER('[1]Dettaglio pacchetti'!$B$1:$B$530, TRIM(UPPER('[1]Dettaglio pacchetti'!$E$1:$E$530))=TRIM(UPPER(G23)), "" ), 1) )), TRIM(UPPER(Applicazioni!$C$1:$C$474)), Applicazioni!$B$1:$B$474 ) ), IF(_xlpm.risultato=0, "", _xlpm.risultato) ), "" )} | E23: {=IF(TRIM($B23)="SG-ANAGRAFE", "Bugni Batte", IF(TRIM($B23)="DW01A", "Cauda", IFERROR( VLOOKUP( INDEX('[1]Dettaglio pacchetti'!$AB$1:$AB$530, _xlfn.AGGREGATE(15, 6, (ROW($1:$345))/(ISNUMBER(SEARCH('[1]Dettaglio pacchetti'!$AB$1:$AB$530, $C23))), 1) ) & "*", '[1]Dettaglio pacchetti'!$A$1:$I$530, 3, FALSE ), IFERROR(VLOOKUP($C23, '[1]Dettaglio pacchetti'!$A$1:$I$530, 3, FALSE), "") ) ) )} -> Rocca | F23: {=IF(TRIM($B23)="DW01A", "Rilascio EDW Estrattori", IFERROR( VLOOKUP( INDEX('[1]Dettaglio pacchetti'!$AB$1:$AB$530, _xlfn.AGGREGATE(15, 6, (ROW($1:$345))/(ISNUMBER(SEARCH('[1]Dettaglio pacchetti'!$AB$1:$AB$530, $C23))), 1) ) & "*", '[1]Dettaglio pacchetti'!$A$1:$I$530, 4, FALSE ), IFERROR(VLOOKUP($C23, '[1]Dettaglio pacchetti'!$A$1:$I$530, 4, FALSE), "") ) )} -> Rilascio Quadient | G23: {=IF(TRIM($B23)="DW01A", "EDW - Estrattori", IF(TRIM($B23)="SG-ANAGRAFE", "SIGEA Anagrafe", IFERROR( VLOOKUP( INDEX('[1]Dettaglio pacchetti'!$AB$1:$AB$530, _xlfn.AGGREGATE(15, 6, (ROW($1:$345))/(ISNUMBER(SEARCH('[1]Dettaglio pacchetti'!$AB$1:$AB$530, $C23))), 1) ) & "*", '[1]Dettaglio pacchetti'!$A$1:$I$530, 5, FALSE ), IFERROR(VLOOKUP($C23, '[1]Dettaglio pacchetti'!$A$1:$I$530, 5, FALSE), "") ) ) )} -> Quadient | I23: =IF(OR(AA23="", AB23=""), "", HYPERLINK(AA23, AB23)) -> X_PROD | J23: =IF($AC23="", "", IF(ISNUMBER(SEARCH("Ikan", $AD23)), "", HYPERLINK("https://dev.azure.com/realeitesorg/" & $AC23, $AC23) ) ) -> it.ites.quadient | K23: =IF($AC23="", "", IF(ISNUMBER(SEARCH("Ikan", $AD23)), $AC23, "" ) ) | L23: {=IFERROR( VLOOKUP( INDEX('[1]Dettaglio pacchetti'!$AB$1:$AB$530, _xlfn.AGGREGATE(15, 6, ROW($1:$345)/(ISNUMBER(SEARCH('[1]Dettaglio pacchetti'!$AB$1:$AB$530, $C23))), 1) ) & "*", '[1]Dettaglio pacchetti'!$A$1:$I$530, 8, FALSE ), IFERROR(VLOOKUP($C23, '[1]Dettaglio pacchetti'!$A$1:$I$530, 8, FALSE), "") )} -> 6.00 | M23: {=IFERROR( VLOOKUP( INDEX('[1]Dettaglio pacchetti'!$AB$1:$AB$530, _xlfn.AGGREGATE(15, 6, ROW($1:$345)/(ISNUMBER(SEARCH('[1]Dettaglio pacchetti'!$AB$1:$AB$530, $C23))), 1) ) & "*", '[1]Dettaglio pacchetti'!$A$1:$I$530, 9, FALSE ), IFERROR(VLOOKUP($C23, '[1]Dettaglio pacchetti'!$A$1:$I$530, 9, FALSE), "") )} -> ear | O23: OK | P23: OK | AA23: {=IFERROR(VLOOKUP(INDEX('[1]Dettaglio pacchetti'!$AB$1:$AB$530, _xlfn.AGGREGATE(15, 6, (ROW($1:$345))/(ISNUMBER(SEARCH('[1]Dettaglio pacchetti'!$AB$1:$AB$530, $C23))), 1)) & "*", '[1]Dettaglio pacchetti'!$A$1:$N$530, 13, FALSE) & "", "")} -> https://dev.azure.com/realeitesorg/it.ites.quadient/_build?definitionId=651 | AB23: {=IF(ISNUMBER(SEARCH("dev.azure.com", AA23)), IFERROR(VLOOKUP(INDEX('[1]Dettaglio pacchetti'!$AB$1:$AB$530, _xlfn.AGGREGATE(15, 6, (ROW($1:$345))/(ISNUMBER(SEARCH('[1]Dettaglio pacchetti'!$AB$1:$AB$530, $C23))), 1)) & "*", '[1]Dettaglio pacchetti'!$A$1:$N$530, 1, FALSE) & "", ""), "")} -> X_PROD | AC23: {=IFERROR( VLOOKUP( INDEX('[1]Dettaglio pacchetti'!$AB$1:$AB$530, _xlfn.AGGREGATE(15,6,ROW($1:$345)/(ISNUMBER(SEARCH('[1]Dettaglio pacchetti'!$AB$1:$AB$530,$C23))),1)) & "*", '[1]Dettaglio pacchetti'!$A$1:$I$530, 7, FALSE ), IFERROR(VLOOKUP($C23, '[1]Dettaglio pacchetti'!$A$1:$I$530, 7, FALSE), "") )} -> it.ites.quadient | AD23: {=IFERROR( VLOOKUP( INDEX('[1]Dettaglio pacchetti'!$AB$1:$AB$530, _xlfn.AGGREGATE(15,6,ROW($1:$345)/(ISNUMBER(SEARCH('[1]Dettaglio pacchetti'!$AB$1:$AB$530,$C23))),1)) & "*", '[1]Dettaglio pacchetti'!$A$1:$I$530, 6, FALSE ), IFERROR(VLOOKUP($C23, '[1]Dettaglio pacchetti'!$A$1:$I$530, 6, FALSE), "") )} -> Azure Devops
C24: X_PROD_FIRMADIREZIONE_EVO_20260919 | D24: {=IFERROR( _xlfn.LET( _xlpm.risultato, IFERROR( _xlfn.XLOOKUP(TRIM(UPPER(G24)), TRIM(UPPER(Applicazioni!$C$1:$C$474)), Applicazioni!$B$1:$B$474 ), _xlfn.XLOOKUP( TRIM(UPPER( INDEX( _xlfn._xlws.FILTER('[1]Dettaglio pacchetti'!$B$1:$B$530, TRIM(UPPER('[1]Dettaglio pacchetti'!$E$1:$E$530))=TRIM(UPPER(G24)), "" ), 1) )), TRIM(UPPER(Applicazioni!$C$1:$C$474)), Applicazioni!$B$1:$B$474 ) ), IF(_xlpm.risultato=0, "", _xlpm.risultato) ), "" )} | E24: {=IF(TRIM($B24)="SG-ANAGRAFE", "Bugni Batte", IF(TRIM($B24)="DW01A", "Cauda", IFERROR( VLOOKUP( INDEX('[1]Dettaglio pacchetti'!$AB$1:$AB$530, _xlfn.AGGREGATE(15, 6, (ROW($1:$345))/(ISNUMBER(SEARCH('[1]Dettaglio pacchetti'!$AB$1:$AB$530, $C24))), 1) ) & "*", '[1]Dettaglio pacchetti'!$A$1:$I$530, 3, FALSE ), IFERROR(VLOOKUP($C24, '[1]Dettaglio pacchetti'!$A$1:$I$530, 3, FALSE), "") ) ) )} -> Rocca | F24: {=IF(TRIM($B24)="DW01A", "Rilascio EDW Estrattori", IFERROR( VLOOKUP( INDEX('[1]Dettaglio pacchetti'!$AB$1:$AB$530, _xlfn.AGGREGATE(15, 6, (ROW($1:$345))/(ISNUMBER(SEARCH('[1]Dettaglio pacchetti'!$AB$1:$AB$530, $C24))), 1) ) & "*", '[1]Dettaglio pacchetti'!$A$1:$I$530, 4, FALSE ), IFERROR(VLOOKUP($C24, '[1]Dettaglio pacchetti'!$A$1:$I$530, 4, FALSE), "") ) )} -> Rilascio Quadient | G24: {=IF(TRIM($B24)="DW01A", "EDW - Estrattori", IF(TRIM($B24)="SG-ANAGRAFE", "SIGEA Anagrafe", IFERROR( VLOOKUP( INDEX('[1]Dettaglio pacchetti'!$AB$1:$AB$530, _xlfn.AGGREGATE(15, 6, (ROW($1:$345))/(ISNUMBER(SEARCH('[1]Dettaglio pacchetti'!$AB$1:$AB$530, $C24))), 1) ) & "*", '[1]Dettaglio pacchetti'!$A$1:$I$530, 5, FALSE ), IFERROR(VLOOKUP($C24, '[1]Dettaglio pacchetti'!$A$1:$I$530, 5, FALSE), "") ) ) )} -> Quadient | I24: =IF(OR(AA24="", AB24=""), "", HYPERLINK(AA24, AB24)) -> X_PROD | J24: =IF($AC24="", "", IF(ISNUMBER(SEARCH("Ikan", $AD24)), "", HYPERLINK("https://dev.azure.com/realeitesorg/" & $AC24, $AC24) ) ) -> it.ites.quadient | K24: =IF($AC24="", "", IF(ISNUMBER(SEARCH("Ikan", $AD24)), $AC24, "" ) ) | L24: {=IFERROR( VLOOKUP( INDEX('[1]Dettaglio pacchetti'!$AB$1:$AB$530, _xlfn.AGGREGATE(15, 6, ROW($1:$345)/(ISNUMBER(SEARCH('[1]Dettaglio pacchetti'!$AB$1:$AB$530, $C24))), 1) ) & "*", '[1]Dettaglio pacchetti'!$A$1:$I$530, 8, FALSE ), IFERROR(VLOOKUP($C24, '[1]Dettaglio pacchetti'!$A$1:$I$530, 8, FALSE), "") )} -> 6.00 | M24: {=IFERROR( VLOOKUP( INDEX('[1]Dettaglio pacchetti'!$AB$1:$AB$530, _xlfn.AGGREGATE(15, 6, ROW($1:$345)/(ISNUMBER(SEARCH('[1]Dettaglio pacchetti'!$AB$1:$AB$530, $C24))), 1) ) & "*", '[1]Dettaglio pacchetti'!$A$1:$I$530, 9, FALSE ), IFERROR(VLOOKUP($C24, '[1]Dettaglio pacchetti'!$A$1:$I$530, 9, FALSE), "") )} -> ear | O24: OK | P24: OK | AA24: {=IFERROR(VLOOKUP(INDEX('[1]Dettaglio pacchetti'!$AB$1:$AB$530, _xlfn.AGGREGATE(15, 6, (ROW($1:$345))/(ISNUMBER(SEARCH('[1]Dettaglio pacchetti'!$AB$1:$AB$530, $C24))), 1)) & "*", '[1]Dettaglio pacchetti'!$A$1:$N$530, 13, FALSE) & "", "")} -> https://dev.azure.com/realeitesorg/it.ites.quadient/_build?definitionId=651 | AB24: {=IF(ISNUMBER(SEARCH("dev.azure.com", AA24)), IFERROR(VLOOKUP(INDEX('[1]Dettaglio pacchetti'!$AB$1:$AB$530, _xlfn.AGGREGATE(15, 6, (ROW($1:$345))/(ISNUMBER(SEARCH('[1]Dettaglio pacchetti'!$AB$1:$AB$530, $C24))), 1)) & "*", '[1]Dettaglio pacchetti'!$A$1:$N$530, 1, FALSE) & "", ""), "")} -> X_PROD | AC24: {=IFERROR( VLOOKUP( INDEX('[1]Dettaglio pacchetti'!$AB$1:$AB$530, _xlfn.AGGREGATE(15,6,ROW($1:$345)/(ISNUMBER(SEARCH('[1]Dettaglio pacchetti'!$AB$1:$AB$530,$C24))),1)) & "*", '[1]Dettaglio pacchetti'!$A$1:$I$530, 7, FALSE ), IFERROR(VLOOKUP($C24, '[1]Dettaglio pacchetti'!$A$1:$I$530, 7, FALSE), "") )} -> it.ites.quadient | AD24: {=IFERROR( VLOOKUP( INDEX('[1]Dettaglio pacchetti'!$AB$1:$AB$530, _xlfn.AGGREGATE(15,6,ROW($1:$345)/(ISNUMBER(SEARCH('[1]Dettaglio pacchetti'!$AB$1:$AB$530,$C24))),1)) & "*", '[1]Dettaglio pacchetti'!$A$1:$I$530, 6, FALSE ), IFERROR(VLOOKUP($C24, '[1]Dettaglio pacchetti'!$A$1:$I$530, 6, FALSE), "") )} -> Azure Devops
C25: X_PROD_CALL3225_EVO_20260919 | D25: {=IFERROR( _xlfn.LET( _xlpm.risultato, IFERROR( _xlfn.XLOOKUP(TRIM(UPPER(G25)), TRIM(UPPER(Applicazioni!$C$1:$C$474)), Applicazioni!$B$1:$B$474 ), _xlfn.XLOOKUP( TRIM(UPPER( INDEX( _xlfn._xlws.FILTER('[1]Dettaglio pacchetti'!$B$1:$B$530, TRIM(UPPER('[1]Dettaglio pacchetti'!$E$1:$E$530))=TRIM(UPPER(G25)), "" ), 1) )), TRIM(UPPER(Applicazioni!$C$1:$C$474)), Applicazioni!$B$1:$B$474 ) ), IF(_xlpm.risultato=0, "", _xlpm.risultato) ), "" )} | E25: {=IF(TRIM($B25)="SG-ANAGRAFE", "Bugni Batte", IF(TRIM($B25)="DW01A", "Cauda", IFERROR( VLOOKUP( INDEX('[1]Dettaglio pacchetti'!$AB$1:$AB$530, _xlfn.AGGREGATE(15, 6, (ROW($1:$345))/(ISNUMBER(SEARCH('[1]Dettaglio pacchetti'!$AB$1:$AB$530, $C25))), 1) ) & "*", '[1]Dettaglio pacchetti'!$A$1:$I$530, 3, FALSE ), IFERROR(VLOOKUP($C25, '[1]Dettaglio pacchetti'!$A$1:$I$530, 3, FALSE), "") ) ) )} -> Rocca | F25: {=IF(TRIM($B25)="DW01A", "Rilascio EDW Estrattori", IFERROR( VLOOKUP( INDEX('[1]Dettaglio pacchetti'!$AB$1:$AB$530, _xlfn.AGGREGATE(15, 6, (ROW($1:$345))/(ISNUMBER(SEARCH('[1]Dettaglio pacchetti'!$AB$1:$AB$530, $C25))), 1) ) & "*", '[1]Dettaglio pacchetti'!$A$1:$I$530, 4, FALSE ), IFERROR(VLOOKUP($C25, '[1]Dettaglio pacchetti'!$A$1:$I$530, 4, FALSE), "") ) )} -> Rilascio Quadient | G25: {=IF(TRIM($B25)="DW01A", "EDW - Estrattori", IF(TRIM($B25)="SG-ANAGRAFE", "SIGEA Anagrafe", IFERROR( VLOOKUP( INDEX('[1]Dettaglio pacchetti'!$AB$1:$AB$530, _xlfn.AGGREGATE(15, 6, (ROW($1:$345))/(ISNUMBER(SEARCH('[1]Dettaglio pacchetti'!$AB$1:$AB$530, $C25))), 1) ) & "*", '[1]Dettaglio pacchetti'!$A$1:$I$530, 5, FALSE ), IFERROR(VLOOKUP($C25, '[1]Dettaglio pacchetti'!$A$1:$I$530, 5, FALSE), "") ) ) )} -> Quadient | I25: =IF(OR(AA25="", AB25=""), "", HYPERLINK(AA25, AB25)) -> X_PROD | J25: =IF($AC25="", "", IF(ISNUMBER(SEARCH("Ikan", $AD25)), "", HYPERLINK("https://dev.azure.com/realeitesorg/" & $AC25, $AC25) ) ) -> it.ites.quadient | K25: =IF($AC25="", "", IF(ISNUMBER(SEARCH("Ikan", $AD25)), $AC25, "" ) ) | L25: {=IFERROR( VLOOKUP( INDEX('[1]Dettaglio pacchetti'!$AB$1:$AB$530, _xlfn.AGGREGATE(15, 6, ROW($1:$345)/(ISNUMBER(SEARCH('[1]Dettaglio pacchetti'!$AB$1:$AB$530, $C25))), 1) ) & "*", '[1]Dettaglio pacchetti'!$A$1:$I$530, 8, FALSE ), IFERROR(VLOOKUP($C25, '[1]Dettaglio pacchetti'!$A$1:$I$530, 8, FALSE), "") )} -> 6.00 | M25: {=IFERROR( VLOOKUP( INDEX('[1]Dettaglio pacchetti'!$AB$1:$AB$530, _xlfn.AGGREGATE(15, 6, ROW($1:$345)/(ISNUMBER(SEARCH('[1]Dettaglio pacchetti'!$AB$1:$AB$530, $C25))), 1) ) & "*", '[1]Dettaglio pacchetti'!$A$1:$I$530, 9, FALSE ), IFERROR(VLOOKUP($C25, '[1]Dettaglio pacchetti'!$A$1:$I$530, 9, FALSE), "") )} -> ear | O25: OK | P25: OK | AA25: {=IFERROR(VLOOKUP(INDEX('[1]Dettaglio pacchetti'!$AB$1:$AB$530, _xlfn.AGGREGATE(15, 6, (ROW($1:$345))/(ISNUMBER(SEARCH('[1]Dettaglio pacchetti'!$AB$1:$AB$530, $C25))), 1)) & "*", '[1]Dettaglio pacchetti'!$A$1:$N$530, 13, FALSE) & "", "")} -> https://dev.azure.com/realeitesorg/it.ites.quadient/_build?definitionId=651 | AB25: {=IF(ISNUMBER(SEARCH("dev.azure.com", AA25)), IFERROR(VLOOKUP(INDEX('[1]Dettaglio pacchetti'!$AB$1:$AB$530, _xlfn.AGGREGATE(15, 6, (ROW($1:$345))/(ISNUMBER(SEARCH('[1]Dettaglio pacchetti'!$AB$1:$AB$530, $C25))), 1)) & "*", '[1]Dettaglio pacchetti'!$A$1:$N$530, 1, FALSE) & "", ""), "")} -> X_PROD | AC25: {=IFERROR( VLOOKUP( INDEX('[1]Dettaglio pacchetti'!$AB$1:$AB$530, _xlfn.AGGREGATE(15,6,ROW($1:$345)/(ISNUMBER(SEARCH('[1]Dettaglio pacchetti'!$AB$1:$AB$530,$C25))),1)) & "*", '[1]Dettaglio pacchetti'!$A$1:$I$530, 7, FALSE ), IFERROR(VLOOKUP($C25, '[1]Dettaglio pacchetti'!$A$1:$I$530, 7, FALSE), "") )} -> it.ites.quadient | AD25: {=IFERROR( VLOOKUP( INDEX('[1]Dettaglio pacchetti'!$AB$1:$AB$530, _xlfn.AGGREGATE(15,6,ROW($1:$345)/(ISNUMBER(SEARCH('[1]Dettaglio pacchetti'!$AB$1:$AB$530,$C25))),1)) & "*", '[1]Dettaglio pacchetti'!$A$1:$I$530, 6, FALSE ), IFERROR(VLOOKUP($C25, '[1]Dettaglio pacchetti'!$A$1:$I$530, 6, FALSE), "") )} -> Azure Devops
C26: X_PROD_ITA042_EVO_20260919 | D26: {=IFERROR( _xlfn.LET( _xlpm.risultato, IFERROR( _xlfn.XLOOKUP(TRIM(UPPER(G26)), TRIM(UPPER(Applicazioni!$C$1:$C$474)), Applicazioni!$B$1:$B$474 ), _xlfn.XLOOKUP( TRIM(UPPER( INDEX( _xlfn._xlws.FILTER('[1]Dettaglio pacchetti'!$B$1:$B$530, TRIM(UPPER('[1]Dettaglio pacchetti'!$E$1:$E$530))=TRIM(UPPER(G26)), "" ), 1) )), TRIM(UPPER(Applicazioni!$C$1:$C$474)), Applicazioni!$B$1:$B$474 ) ), IF(_xlpm.risultato=0, "", _xlpm.risultato) ), "" )} | E26: {=IF(TRIM($B26)="SG-ANAGRAFE", "Bugni Batte", IF(TRIM($B26)="DW01A", "Cauda", IFERROR( VLOOKUP( INDEX('[1]Dettaglio pacchetti'!$AB$1:$AB$530, _xlfn.AGGREGATE(15, 6, (ROW($1:$345))/(ISNUMBER(SEARCH('[1]Dettaglio pacchetti'!$AB$1:$AB$530, $C26))), 1) ) & "*", '[1]Dettaglio pacchetti'!$A$1:$I$530, 3, FALSE ), IFERROR(VLOOKUP($C26, '[1]Dettaglio pacchetti'!$A$1:$I$530, 3, FALSE), "") ) ) )} -> Rocca | F26: {=IF(TRIM($B26)="DW01A", "Rilascio EDW Estrattori", IFERROR( VLOOKUP( INDEX('[1]Dettaglio pacchetti'!$AB$1:$AB$530, _xlfn.AGGREGATE(15, 6, (ROW($1:$345))/(ISNUMBER(SEARCH('[1]Dettaglio pacchetti'!$AB$1:$AB$530, $C26))), 1) ) & "*", '[1]Dettaglio pacchetti'!$A$1:$I$530, 4, FALSE ), IFERROR(VLOOKUP($C26, '[1]Dettaglio pacchetti'!$A$1:$I$530, 4, FALSE), "") ) )} -> Rilascio Quadient | G26: {=IF(TRIM($B26)="DW01A", "EDW - Estrattori", IF(TRIM($B26)="SG-ANAGRAFE", "SIGEA Anagrafe", IFERROR( VLOOKUP( INDEX('[1]Dettaglio pacchetti'!$AB$1:$AB$530, _xlfn.AGGREGATE(15, 6, (ROW($1:$345))/(ISNUMBER(SEARCH('[1]Dettaglio pacchetti'!$AB$1:$AB$530, $C26))), 1) ) & "*", '[1]Dettaglio pacchetti'!$A$1:$I$530, 5, FALSE ), IFERROR(VLOOKUP($C26, '[1]Dettaglio pacchetti'!$A$1:$I$530, 5, FALSE), "") ) ) )} -> Quadient | I26: =IF(OR(AA26="", AB26=""), "", HYPERLINK(AA26, AB26)) -> X_PROD | J26: =IF($AC26="", "", IF(ISNUMBER(SEARCH("Ikan", $AD26)), "", HYPERLINK("https://dev.azure.com/realeitesorg/" & $AC26, $AC26) ) ) -> it.ites.quadient | K26: =IF($AC26="", "", IF(ISNUMBER(SEARCH("Ikan", $AD26)), $AC26, "" ) ) | L26: {=IFERROR( VLOOKUP( INDEX('[1]Dettaglio pacchetti'!$AB$1:$AB$530, _xlfn.AGGREGATE(15, 6, ROW($1:$345)/(ISNUMBER(SEARCH('[1]Dettaglio pacchetti'!$AB$1:$AB$530, $C26))), 1) ) & "*", '[1]Dettaglio pacchetti'!$A$1:$I$530, 8, FALSE ), IFERROR(VLOOKUP($C26, '[1]Dettaglio pacchetti'!$A$1:$I$530, 8, FALSE), "") )} -> 6.00 | M26: {=IFERROR( VLOOKUP( INDEX('[1]Dettaglio pacchetti'!$AB$1:$AB$530, _xlfn.AGGREGATE(15, 6, ROW($1:$345)/(ISNUMBER(SEARCH('[1]Dettaglio pacchetti'!$AB$1:$AB$530, $C26))), 1) ) & "*", '[1]Dettaglio pacchetti'!$A$1:$I$530, 9, FALSE ), IFERROR(VLOOKUP($C26, '[1]Dettaglio pacchetti'!$A$1:$I$530, 9, FALSE), "") )} -> ear | O26: OK | P26: OK | AA26: {=IFERROR(VLOOKUP(INDEX('[1]Dettaglio pacchetti'!$AB$1:$AB$530, _xlfn.AGGREGATE(15, 6, (ROW($1:$345))/(ISNUMBER(SEARCH('[1]Dettaglio pacchetti'!$AB$1:$AB$530, $C26))), 1)) & "*", '[1]Dettaglio pacchetti'!$A$1:$N$530, 13, FALSE) & "", "")} -> https://dev.azure.com/realeitesorg/it.ites.quadient/_build?definitionId=651 | AB26: {=IF(ISNUMBER(SEARCH("dev.azure.com", AA26)), IFERROR(VLOOKUP(INDEX('[1]Dettaglio pacchetti'!$AB$1:$AB$530, _xlfn.AGGREGATE(15, 6, (ROW($1:$345))/(ISNUMBER(SEARCH('[1]Dettaglio pacchetti'!$AB$1:$AB$530, $C26))), 1)) & "*", '[1]Dettaglio pacchetti'!$A$1:$N$530, 1, FALSE) & "", ""), "")} -> X_PROD | AC26: {=IFERROR( VLOOKUP( INDEX('[1]Dettaglio pacchetti'!$AB$1:$AB$530, _xlfn.AGGREGATE(15,6,ROW($1:$345)/(ISNUMBER(SEARCH('[1]Dettaglio pacchetti'!$AB$1:$AB$530,$C26))),1)) & "*", '[1]Dettaglio pacchetti'!$A$1:$I$530, 7, FALSE ), IFERROR(VLOOKUP($C26, '[1]Dettaglio pacchetti'!$A$1:$I$530, 7, FALSE), "") )} -> it.ites.quadient | AD26: {=IFERROR( VLOOKUP( INDEX('[1]Dettaglio pacchetti'!$AB$1:$AB$530, _xlfn.AGGREGATE(15,6,ROW($1:$345)/(ISNUMBER(SEARCH('[1]Dettaglio pacchetti'!$AB$1:$AB$530,$C26))),1)) & "*", '[1]Dettaglio pacchetti'!$A$1:$I$530, 6, FALSE ), IFERROR(VLOOKUP($C26, '[1]Dettaglio pacchetti'!$A$1:$I$530, 6, FALSE), "") )} -> Azure Devops
C27: MOBILE_EVOLUTIVA | D27: {=IFERROR( _xlfn.LET( _xlpm.risultato, IFERROR( _xlfn.XLOOKUP(TRIM(UPPER(G27)), TRIM(UPPER(Applicazioni!$C$1:$C$474)), Applicazioni!$B$1:$B$474 ), _xlfn.XLOOKUP( TRIM(UPPER( INDEX( _xlfn._xlws.FILTER('[1]Dettaglio pacchetti'!$B$1:$B$530, TRIM(UPPER('[1]Dettaglio pacchetti'!$E$1:$E$530))=TRIM(UPPER(G27)), "" ), 1) )), TRIM(UPPER(Applicazioni!$C$1:$C$474)), Applicazioni!$B$1:$B$474 ) ), IF(_xlpm.risultato=0, "", _xlpm.risultato) ), "" )} -> C20260820_0046 | E27: {=IF(TRIM($B27)="SG-ANAGRAFE", "Bugni Batte", IF(TRIM($B27)="DW01A", "Cauda", IFERROR( VLOOKUP( INDEX('[1]Dettaglio pacchetti'!$AB$1:$AB$530, _xlfn.AGGREGATE(15, 6, (ROW($1:$345))/(ISNUMBER(SEARCH('[1]Dettaglio pacchetti'!$AB$1:$AB$530, $C27))), 1) ) & "*", '[1]Dettaglio pacchetti'!$A$1:$I$530, 3, FALSE ), IFERROR(VLOOKUP($C27, '[1]Dettaglio pacchetti'!$A$1:$I$530, 3, FALSE), "") ) ) )} -> Treno Danni | F27: {=IF(TRIM($B27)="DW01A", "Rilascio EDW Estrattori", IFERROR( VLOOKUP( INDEX('[1]Dettaglio pacchetti'!$AB$1:$AB$530, _xlfn.AGGREGATE(15, 6, (ROW($1:$345))/(ISNUMBER(SEARCH('[1]Dettaglio pacchetti'!$AB$1:$AB$530, $C27))), 1) ) & "*", '[1]Dettaglio pacchetti'!$A$1:$I$530, 4, FALSE ), IFERROR(VLOOKUP($C27, '[1]Dettaglio pacchetti'!$A$1:$I$530, 4, FALSE), "") ) )} -> Rilascio Multicanalità Mobile MCPMOB | G27: {=IF(TRIM($B27)="DW01A", "EDW - Estrattori", IF(TRIM($B27)="SG-ANAGRAFE", "SIGEA Anagrafe", IFERROR( VLOOKUP( INDEX('[1]Dettaglio pacchetti'!$AB$1:$AB$530, _xlfn.AGGREGATE(15, 6, (ROW($1:$345))/(ISNUMBER(SEARCH('[1]Dettaglio pacchetti'!$AB$1:$AB$530, $C27))), 1) ) & "*", '[1]Dettaglio pacchetti'!$A$1:$I$530, 5, FALSE ), IFERROR(VLOOKUP($C27, '[1]Dettaglio pacchetti'!$A$1:$I$530, 5, FALSE), "") ) ) )} -> Multicanalità - Mobile | I27: =IF(OR(AA27="", AB27=""), "", HYPERLINK(AA27, AB27)) -> mobile_EVOLUTIVA | J27: =IF($AC27="", "", IF(ISNUMBER(SEARCH("Ikan", $AD27)), "", HYPERLINK("https://dev.azure.com/realeitesorg/" & $AC27, $AC27) ) ) -> it.grma.rdna | K27: =IF($AC27="", "", IF(ISNUMBER(SEARCH("Ikan", $AD27)), $AC27, "" ) ) | L27: {=IFERROR( VLOOKUP( INDEX('[1]Dettaglio pacchetti'!$AB$1:$AB$530, _xlfn.AGGREGATE(15, 6, ROW($1:$345)/(ISNUMBER(SEARCH('[1]Dettaglio pacchetti'!$AB$1:$AB$530, $C27))), 1) ) & "*", '[1]Dettaglio pacchetti'!$A$1:$I$530, 8, FALSE ), IFERROR(VLOOKUP($C27, '[1]Dettaglio pacchetti'!$A$1:$I$530, 8, FALSE), "") )} -> 23.00 | M27: {=IFERROR( VLOOKUP( INDEX('[1]Dettaglio pacchetti'!$AB$1:$AB$530, _xlfn.AGGREGATE(15, 6, ROW($1:$345)/(ISNUMBER(SEARCH('[1]Dettaglio pacchetti'!$AB$1:$AB$530, $C27))), 1) ) & "*", '[1]Dettaglio pacchetti'!$A$1:$I$530, 9, FALSE ), IFERROR(VLOOKUP($C27, '[1]Dettaglio pacchetti'!$A$1:$I$530, 9, FALSE), "") )} -> ear | O27: OK | P27: KO | AA27: {=IFERROR(VLOOKUP(INDEX('[1]Dettaglio pacchetti'!$AB$1:$AB$530, _xlfn.AGGREGATE(15, 6, (ROW($1:$345))/(ISNUMBER(SEARCH('[1]Dettaglio pacchetti'!$AB$1:$AB$530, $C27))), 1)) & "*", '[1]Dettaglio pacchetti'!$A$1:$N$530, 13, FALSE) & "", "")} -> https://dev.azure.com/realeitesorg/it.grma.rdna/_build?definitionId=2904 | AB27: {=IF(ISNUMBER(SEARCH("dev.azure.com", AA27)), IFERROR(VLOOKUP(INDEX('[1]Dettaglio pacchetti'!$AB$1:$AB$530, _xlfn.AGGREGATE(15, 6, (ROW($1:$345))/(ISNUMBER(SEARCH('[1]Dettaglio pacchetti'!$AB$1:$AB$530, $C27))), 1)) & "*", '[1]Dettaglio pacchetti'!$A$1:$N$530, 1, FALSE) & "", ""), "")} -> mobile_EVOLUTIVA | AC27: {=IFERROR( VLOOKUP( INDEX('[1]Dettaglio pacchetti'!$AB$1:$AB$530, _xlfn.AGGREGATE(15,6,ROW($1:$345)/(ISNUMBER(SEARCH('[1]Dettaglio pacchetti'!$AB$1:$AB$530,$C27))),1)) & "*", '[1]Dettaglio pacchetti'!$A$1:$I$530, 7, FALSE ), IFERROR(VLOOKUP($C27, '[1]Dettaglio pacchetti'!$A$1:$I$530, 7, FALSE), "") )} -> it.grma.rdna | AD27: {=IFERROR( VLOOKUP( INDEX('[1]Dettaglio pacchetti'!$AB$1:$AB$530, _xlfn.AGGREGATE(15,6,ROW($1:$345)/(ISNUMBER(SEARCH('[1]Dettaglio pacchetti'!$AB$1:$AB$530,$C27))),1)) & "*", '[1]Dettaglio pacchetti'!$A$1:$I$530, 6, FALSE ), IFERROR(VLOOKUP($C27, '[1]Dettaglio pacchetti'!$A$1:$I$530, 6, FALSE), "") )} -> Azure Devops
D28: {=IFERROR( _xlfn.LET( _xlpm.risultato, IFERROR( _xlfn.XLOOKUP(TRIM(UPPER(G28)), TRIM(UPPER(Applicazioni!$C$1:$C$474)), Applicazioni!$B$1:$B$474 ), _xlfn.XLOOKUP( TRIM(UPPER( INDEX( _xlfn._xlws.FILTER('[1]Dettaglio pacchetti'!$B$1:$B$530, TRIM(UPPER('[1]Dettaglio pacchetti'!$E$1:$E$530))=TRIM(UPPER(G28)), "" ), 1) )), TRIM(UPPER(Applicazioni!$C$1:$C$474)), Applicazioni!$B$1:$B$474 ) ), IF(_xlpm.risultato=0, "", _xlpm.risultato) ), "" )} | E28: {=IF(TRIM($B28)="SG-ANAGRAFE", "Bugni Batte", IF(TRIM($B28)="DW01A", "Cauda", IFERROR( VLOOKUP( INDEX('[1]Dettaglio pacchetti'!$AB$1:$AB$530, _xlfn.AGGREGATE(15, 6, (ROW($1:$345))/(ISNUMBER(SEARCH('[1]Dettaglio pacchetti'!$AB$1:$AB$530, $C28))), 1) ) & "*", '[1]Dettaglio pacchetti'!$A$1:$I$530, 3, FALSE ), IFERROR(VLOOKUP($C28, '[1]Dettaglio pacchetti'!$A$1:$I$530, 3, FALSE), "") ) ) )} | F28: {=IF(TRIM($B28)="DW01A", "Rilascio EDW Estrattori", IFERROR( VLOOKUP( INDEX('[1]Dettaglio pacchetti'!$AB$1:$AB$530, _xlfn.AGGREGATE(15, 6, (ROW($1:$345))/(ISNUMBER(SEARCH('[1]Dettaglio pacchetti'!$AB$1:$AB$530, $C28))), 1) ) & "*", '[1]Dettaglio pacchetti'!$A$1:$I$530, 4, FALSE ), IFERROR(VLOOKUP($C28, '[1]Dettaglio pacchetti'!$A$1:$I$530, 4, FALSE), "") ) )} | G28: {=IF(TRIM($B28)="DW01A", "EDW - Estrattori", IF(TRIM($B28)="SG-ANAGRAFE", "SIGEA Anagrafe", IFERROR( VLOOKUP( INDEX('[1]Dettaglio pacchetti'!$AB$1:$AB$530, _xlfn.AGGREGATE(15, 6, (ROW($1:$345))/(ISNUMBER(SEARCH('[1]Dettaglio pacchetti'!$AB$1:$AB$530, $C28))), 1) ) & "*", '[1]Dettaglio pacchetti'!$A$1:$I$530, 5, FALSE ), IFERROR(VLOOKUP($C28, '[1]Dettaglio pacchetti'!$A$1:$I$530, 5, FALSE), "") ) ) )} | I28: =IF(OR(AA28="", AB28=""), "", HYPERLINK(AA28, AB28)) | J28: =IF($AC28="", "", IF(ISNUMBER(SEARCH("Ikan", $AD28)), "", HYPERLINK("https://dev.azure.com/realeitesorg/" & $AC28, $AC28) ) ) | K28: =IF($AC28="", "", IF(ISNUMBER(SEARCH("Ikan", $AD28)), $AC28, "" ) ) | L28: {=IFERROR( VLOOKUP( INDEX('[1]Dettaglio pacchetti'!$AB$1:$AB$530, _xlfn.AGGREGATE(15, 6, ROW($1:$345)/(ISNUMBER(SEARCH('[1]Dettaglio pacchetti'!$AB$1:$AB$530, $C28))), 1) ) & "*", '[1]Dettaglio pacchetti'!$A$1:$I$530, 8, FALSE ), IFERROR(VLOOKUP($C28, '[1]Dettaglio pacchetti'!$A$1:$I$530, 8, FALSE), "") )} | M28: {=IFERROR( VLOOKUP( INDEX('[1]Dettaglio pacchetti'!$AB$1:$AB$530, _xlfn.AGGREGATE(15, 6, ROW($1:$345)/(ISNUMBER(SEARCH('[1]Dettaglio pacchetti'!$AB$1:$AB$530, $C28))), 1) ) & "*", '[1]Dettaglio pacchetti'!$A$1:$I$530, 9, FALSE ), IFERROR(VLOOKUP($C28, '[1]Dettaglio pacchetti'!$A$1:$I$530, 9, FALSE), "") )} | O28: OK | P28: KO | AA28: {=IFERROR(VLOOKUP(INDEX('[1]Dettaglio pacchetti'!$AB$1:$AB$530, _xlfn.AGGREGATE(15, 6, (ROW($1:$345))/(ISNUMBER(SEARCH('[1]Dettaglio pacchetti'!$AB$1:$AB$530, $C28))), 1)) & "*", '[1]Dettaglio pacchetti'!$A$1:$N$530, 13, FALSE) & "", "")} | AB28: {=IF(ISNUMBER(SEARCH("dev.azure.com", AA28)), IFERROR(VLOOKUP(INDEX('[1]Dettaglio pacchetti'!$AB$1:$AB$530, _xlfn.AGGREGATE(15, 6, (ROW($1:$345))/(ISNUMBER(SEARCH('[1]Dettaglio pacchetti'!$AB$1:$AB$530, $C28))), 1)) & "*", '[1]Dettaglio pacchetti'!$A$1:$N$530, 1, FALSE) & "", ""), "")} | AC28: {=IFERROR( VLOOKUP( INDEX('[1]Dettaglio pacchetti'!$AB$1:$AB$530, _xlfn.AGGREGATE(15,6,ROW($1:$345)/(ISNUMBER(SEARCH('[1]Dettaglio pacchetti'!$AB$1:$AB$530,$C28))),1)) & "*", '[1]Dettaglio pacchetti'!$A$1:$I$530, 7, FALSE ), IFERROR(VLOOKUP($C28, '[1]Dettaglio pacchetti'!$A$1:$I$530, 7, FALSE), "") )} | AD28: {=IFERROR( VLOOKUP( INDEX('[1]Dettaglio pacchetti'!$AB$1:$AB$530, _xlfn.AGGREGATE(15,6,ROW($1:$345)/(ISNUMBER(SEARCH('[1]Dettaglio pacchetti'!$AB$1:$AB$530,$C28))),1)) & "*", '[1]Dettaglio pacchetti'!$A$1:$I$530, 6, FALSE ), IFERROR(VLOOKUP($C28, '[1]Dettaglio pacchetti'!$A$1:$I$530, 6, FALSE), "") )}
D29: {=IFERROR( _xlfn.LET( _xlpm.risultato, IFERROR( _xlfn.XLOOKUP(TRIM(UPPER(G29)), TRIM(UPPER(Applicazioni!$C$1:$C$474)), Applicazioni!$B$1:$B$474 ), _xlfn.XLOOKUP( TRIM(UPPER( INDEX( _xlfn._xlws.FILTER('[1]Dettaglio pacchetti'!$B$1:$B$530, TRIM(UPPER('[1]Dettaglio pacchetti'!$E$1:$E$530))=TRIM(UPPER(G29)), "" ), 1) )), TRIM(UPPER(Applicazioni!$C$1:$C$474)), Applicazioni!$B$1:$B$474 ) ), IF(_xlpm.risultato=0, "", _xlpm.risultato) ), "" )} | E29: {=IF(TRIM($B29)="SG-ANAGRAFE", "Bugni Batte", IF(TRIM($B29)="DW01A", "Cauda", IFERROR( VLOOKUP( INDEX('[1]Dettaglio pacchetti'!$AB$1:$AB$530, _xlfn.AGGREGATE(15, 6, (ROW($1:$345))/(ISNUMBER(SEARCH('[1]Dettaglio pacchetti'!$AB$1:$AB$530, $C29))), 1) ) & "*", '[1]Dettaglio pacchetti'!$A$1:$I$530, 3, FALSE ), IFERROR(VLOOKUP($C29, '[1]Dettaglio pacchetti'!$A$1:$I$530, 3, FALSE), "") ) ) )} | F29: {=IF(TRIM($B29)="DW01A", "ETL - EDW Estrattori", IFERROR( VLOOKUP( INDEX('[1]Dettaglio pacchetti'!$AB$1:$AB$530, _xlfn.AGGREGATE(15, 6, (ROW($1:$345))/(ISNUMBER(SEARCH('[1]Dettaglio pacchetti'!$AB$1:$AB$530, $C29))), 1) ) & "*", '[1]Dettaglio pacchetti'!$A$1:$I$530, 4, FALSE ), IFERROR(VLOOKUP($C29, '[1]Dettaglio pacchetti'!$A$1:$I$530, 4, FALSE), "") ) )} | G29: {=IF(TRIM($B29)="DW01A", "ETL - EDW Estrattori", IF(TRIM($B29)="SG-ANAGRAFE", "SIGEA Anagrafe", IFERROR( VLOOKUP( INDEX('[1]Dettaglio pacchetti'!$AB$1:$AB$530, _xlfn.AGGREGATE(15, 6, (ROW($1:$345))/(ISNUMBER(SEARCH('[1]Dettaglio pacchetti'!$AB$1:$AB$530, $C29))), 1) ) & "*", '[1]Dettaglio pacchetti'!$A$1:$I$530, 5, FALSE ), IFERROR(VLOOKUP($C29, '[1]Dettaglio pacchetti'!$A$1:$I$530, 5, FALSE), "") ) ) )} | I29: =IF(OR(AA29="", AB29=""), "", HYPERLINK(AA29, AB29)) | J29: =IF($AC29="", "", IF(ISNUMBER(SEARCH("Ikan", $AD29)), "", HYPERLINK("https://dev.azure.com/realeitesorg/" & $AC29, $AC29) ) ) | K29: =IF($AC29="", "", IF(ISNUMBER(SEARCH("Ikan", $AD29)), $AC29, "" ) ) | L29: {=IFERROR( VLOOKUP( INDEX('[1]Dettaglio pacchetti'!$AB$1:$AB$530, _xlfn.AGGREGATE(15, 6, ROW($1:$345)/(ISNUMBER(SEARCH('[1]Dettaglio pacchetti'!$AB$1:$AB$530, $C29))), 1) ) & "*", '[1]Dettaglio pacchetti'!$A$1:$I$530, 8, FALSE ), IFERROR(VLOOKUP($C29, '[1]Dettaglio pacchetti'!$A$1:$I$530, 8, FALSE), "") )} | M29: {=IFERROR( VLOOKUP( INDEX('[1]Dettaglio pacchetti'!$AB$1:$AB$530, _xlfn.AGGREGATE(15, 6, ROW($1:$345)/(ISNUMBER(SEARCH('[1]Dettaglio pacchetti'!$AB$1:$AB$530, $C29))), 1) ) & "*", '[1]Dettaglio pacchetti'!$A$1:$I$530, 9, FALSE ), IFERROR(VLOOKUP($C29, '[1]Dettaglio pacchetti'!$A$1:$I$530, 9, FALSE), "") )} | O29: OK | P29: OK | AA29: {=IFERROR(VLOOKUP(INDEX('[1]Dettaglio pacchetti'!$AB$1:$AB$530, _xlfn.AGGREGATE(15, 6, (ROW($1:$345))/(ISNUMBER(SEARCH('[1]Dettaglio pacchetti'!$AB$1:$AB$530, $C29))), 1)) & "*", '[1]Dettaglio pacchetti'!$A$1:$N$530, 13, FALSE) & "", "")} | AB29: {=IF(ISNUMBER(SEARCH("dev.azure.com", AA29)), IFERROR(VLOOKUP(INDEX('[1]Dettaglio pacchetti'!$AB$1:$AB$530, _xlfn.AGGREGATE(15, 6, (ROW($1:$345))/(ISNUMBER(SEARCH('[1]Dettaglio pacchetti'!$AB$1:$AB$530, $C29))), 1)) & "*", '[1]Dettaglio pacchetti'!$A$1:$N$530, 1, FALSE) & "", ""), "")} | AC29: {=IFERROR( VLOOKUP( INDEX('[1]Dettaglio pacchetti'!$AB$1:$AB$530, _xlfn.AGGREGATE(15,6,ROW($1:$345)/(ISNUMBER(SEARCH('[1]Dettaglio pacchetti'!$AB$1:$AB$530,$C29))),1)) & "*", '[1]Dettaglio pacchetti'!$A$1:$I$530, 7, FALSE ), IFERROR(VLOOKUP($C29, '[1]Dettaglio pacchetti'!$A$1:$I$530, 7, FALSE), "") )} | AD29: {=IFERROR( VLOOKUP( INDEX('[1]Dettaglio pacchetti'!$AB$1:$AB$530, _xlfn.AGGREGATE(15,6,ROW($1:$345)/(ISNUMBER(SEARCH('[1]Dettaglio pacchetti'!$AB$1:$AB$530,$C29))),1)) & "*", '[1]Dettaglio pacchetti'!$A$1:$I$530, 6, FALSE ), IFERROR(VLOOKUP($C29, '[1]Dettaglio pacchetti'!$A$1:$I$530, 6, FALSE), "") )}
D30: {=IFERROR( _xlfn.LET( _xlpm.risultato, IFERROR( _xlfn.XLOOKUP(TRIM(UPPER(G30)), TRIM(UPPER(Applicazioni!$C$1:$C$474)), Applicazioni!$B$1:$B$474 ), _xlfn.XLOOKUP( TRIM(UPPER( INDEX( _xlfn._xlws.FILTER('[1]Dettaglio pacchetti'!$B$1:$B$530, TRIM(UPPER('[1]Dettaglio pacchetti'!$E$1:$E$530))=TRIM(UPPER(G30)), "" ), 1) )), TRIM(UPPER(Applicazioni!$C$1:$C$474)), Applicazioni!$B$1:$B$474 ) ), IF(_xlpm.risultato=0, "", _xlpm.risultato) ), "" )} | E30: {=IF(TRIM($B30)="SG-ANAGRAFE", "Bugni Batte", IF(TRIM($B30)="DW01A", "Cauda", IFERROR( VLOOKUP( INDEX('[1]Dettaglio pacchetti'!$AB$1:$AB$530, _xlfn.AGGREGATE(15, 6, (ROW($1:$345))/(ISNUMBER(SEARCH('[1]Dettaglio pacchetti'!$AB$1:$AB$530, $C30))), 1) ) & "*", '[1]Dettaglio pacchetti'!$A$1:$I$530, 3, FALSE ), IFERROR(VLOOKUP($C30, '[1]Dettaglio pacchetti'!$A$1:$I$530, 3, FALSE), "") ) ) )} | F30: {=IF(TRIM($B30)="DW01A", "ETL - EDW Estrattori", IFERROR( VLOOKUP( INDEX('[1]Dettaglio pacchetti'!$AB$1:$AB$530, _xlfn.AGGREGATE(15, 6, (ROW($1:$345))/(ISNUMBER(SEARCH('[1]Dettaglio pacchetti'!$AB$1:$AB$530, $C30))), 1) ) & "*", '[1]Dettaglio pacchetti'!$A$1:$I$530, 4, FALSE ), IFERROR(VLOOKUP($C30, '[1]Dettaglio pacchetti'!$A$1:$I$530, 4, FALSE), "") ) )} | G30: {=IF(TRIM($B30)="DW01A", "ETL - EDW Estrattori", IF(TRIM($B30)="SG-ANAGRAFE", "SIGEA Anagrafe", IFERROR( VLOOKUP( INDEX('[1]Dettaglio pacchetti'!$AB$1:$AB$530, _xlfn.AGGREGATE(15, 6, (ROW($1:$345))/(ISNUMBER(SEARCH('[1]Dettaglio pacchetti'!$AB$1:$AB$530, $C30))), 1) ) & "*", '[1]Dettaglio pacchetti'!$A$1:$I$530, 5, FALSE ), IFERROR(VLOOKUP($C30, '[1]Dettaglio pacchetti'!$A$1:$I$530, 5, FALSE), "") ) ) )} | I30: =IF(OR(AA30="", AB30=""), "", HYPERLINK(AA30, AB30)) | J30: =IF($AC30="", "", IF(ISNUMBER(SEARCH("Ikan", $AD30)), "", HYPERLINK("https://dev.azure.com/realeitesorg/" & $AC30, $AC30) ) ) | K30: =IF($AC30="", "", IF(ISNUMBER(SEARCH("Ikan", $AD30)), $AC30, "" ) ) | L30: {=IFERROR( VLOOKUP( INDEX('[1]Dettaglio pacchetti'!$AB$1:$AB$530, _xlfn.AGGREGATE(15, 6, ROW($1:$345)/(ISNUMBER(SEARCH('[1]Dettaglio pacchetti'!$AB$1:$AB$530, $C30))), 1) ) & "*", '[1]Dettaglio pacchetti'!$A$1:$I$530, 8, FALSE ), IFERROR(VLOOKUP($C30, '[1]Dettaglio pacchetti'!$A$1:$I$530, 8, FALSE), "") )} | M30: {=IFERROR( VLOOKUP( INDEX('[1]Dettaglio pacchetti'!$AB$1:$AB$530, _xlfn.AGGREGATE(15, 6, ROW($1:$345)/(ISNUMBER(SEARCH('[1]Dettaglio pacchetti'!$AB$1:$AB$530, $C30))), 1) ) & "*", '[1]Dettaglio pacchetti'!$A$1:$I$530, 9, FALSE ), IFERROR(VLOOKUP($C30, '[1]Dettaglio pacchetti'!$A$1:$I$530, 9, FALSE), "") )} | O30: OK | P30: OK | AA30: {=IFERROR(VLOOKUP(INDEX('[1]Dettaglio pacchetti'!$AB$1:$AB$530, _xlfn.AGGREGATE(15, 6, (ROW($1:$345))/(ISNUMBER(SEARCH('[1]Dettaglio pacchetti'!$AB$1:$AB$530, $C30))), 1)) & "*", '[1]Dettaglio pacchetti'!$A$1:$N$530, 13, FALSE) & "", "")} | AB30: {=IF(ISNUMBER(SEARCH("dev.azure.com", AA30)), IFERROR(VLOOKUP(INDEX('[1]Dettaglio pacchetti'!$AB$1:$AB$530, _xlfn.AGGREGATE(15, 6, (ROW($1:$345))/(ISNUMBER(SEARCH('[1]Dettaglio pacchetti'!$AB$1:$AB$530, $C30))), 1)) & "*", '[1]Dettaglio pacchetti'!$A$1:$N$530, 1, FALSE) & "", ""), "")} | AC30: {=IFERROR( VLOOKUP( INDEX('[1]Dettaglio pacchetti'!$AB$1:$AB$530, _xlfn.AGGREGATE(15,6,ROW($1:$345)/(ISNUMBER(SEARCH('[1]Dettaglio pacchetti'!$AB$1:$AB$530,$C30))),1)) & "*", '[1]Dettaglio pacchetti'!$A$1:$I$530, 7, FALSE ), IFERROR(VLOOKUP($C30, '[1]Dettaglio pacchetti'!$A$1:$I$530, 7, FALSE), "") )} | AD30: {=IFERROR( VLOOKUP( INDEX('[1]Dettaglio pacchetti'!$AB$1:$AB$530, _xlfn.AGGREGATE(15,6,ROW($1:$345)/(ISNUMBER(SEARCH('[1]Dettaglio pacchetti'!$AB$1:$AB$530,$C30))),1)) & "*", '[1]Dettaglio pacchetti'!$A$1:$I$530, 6, FALSE ), IFERROR(VLOOKUP($C30, '[1]Dettaglio pacchetti'!$A$1:$I$530, 6, FALSE), "") )}
D31: {=IFERROR( _xlfn.LET( _xlpm.risultato, IFERROR( _xlfn.XLOOKUP(TRIM(UPPER(G31)), TRIM(UPPER(Applicazioni!$C$1:$C$474)), Applicazioni!$B$1:$B$474 ), _xlfn.XLOOKUP( TRIM(UPPER( INDEX( _xlfn._xlws.FILTER('[1]Dettaglio pacchetti'!$B$1:$B$530, TRIM(UPPER('[1]Dettaglio pacchetti'!$E$1:$E$530))=TRIM(UPPER(G31)), "" ), 1) )), TRIM(UPPER(Applicazioni!$C$1:$C$474)), Applicazioni!$B$1:$B$474 ) ), IF(_xlpm.risultato=0, "", _xlpm.risultato) ), "" )} | E31: {=IF(TRIM($B31)="SG-ANAGRAFE", "Bugni Batte", IF(TRIM($B31)="DW01A", "Cauda", IFERROR( VLOOKUP( INDEX('[1]Dettaglio pacchetti'!$AB$1:$AB$530, _xlfn.AGGREGATE(15, 6, (ROW($1:$345))/(ISNUMBER(SEARCH('[1]Dettaglio pacchetti'!$AB$1:$AB$530, $C31))), 1) ) & "*", '[1]Dettaglio pacchetti'!$A$1:$I$530, 3, FALSE ), IFERROR(VLOOKUP($C31, '[1]Dettaglio pacchetti'!$A$1:$I$530, 3, FALSE), "") ) ) )} | F31: {=IF(TRIM($B31)="DW01A", "ETL - EDW Estrattori", IFERROR( VLOOKUP( INDEX('[1]Dettaglio pacchetti'!$AB$1:$AB$530, _xlfn.AGGREGATE(15, 6, (ROW($1:$345))/(ISNUMBER(SEARCH('[1]Dettaglio pacchetti'!$AB$1:$AB$530, $C31))), 1) ) & "*", '[1]Dettaglio pacchetti'!$A$1:$I$530, 4, FALSE ), IFERROR(VLOOKUP($C31, '[1]Dettaglio pacchetti'!$A$1:$I$530, 4, FALSE), "") ) )} | G31: {=IF(TRIM($B31)="DW01A", "ETL - EDW Estrattori", IF(TRIM($B31)="SG-ANAGRAFE", "SIGEA Anagrafe", IFERROR( VLOOKUP( INDEX('[1]Dettaglio pacchetti'!$AB$1:$AB$530, _xlfn.AGGREGATE(15, 6, (ROW($1:$345))/(ISNUMBER(SEARCH('[1]Dettaglio pacchetti'!$AB$1:$AB$530, $C31))), 1) ) & "*", '[1]Dettaglio pacchetti'!$A$1:$I$530, 5, FALSE ), IFERROR(VLOOKUP($C31, '[1]Dettaglio pacchetti'!$A$1:$I$530, 5, FALSE), "") ) ) )} | I31: =IF(OR(AA31="", AB31=""), "", HYPERLINK(AA31, AB31)) | J31: =IF($AC31="", "", IF(ISNUMBER(SEARCH("Ikan", $AD31)), "", HYPERLINK("https://dev.azure.com/realeitesorg/" & $AC31, $AC31) ) ) | K31: =IF($AC31="", "", IF(ISNUMBER(SEARCH("Ikan", $AD31)), $AC31, "" ) ) | L31: {=IFERROR( VLOOKUP( INDEX('[1]Dettaglio pacchetti'!$AB$1:$AB$530, _xlfn.AGGREGATE(15, 6, ROW($1:$345)/(ISNUMBER(SEARCH('[1]Dettaglio pacchetti'!$AB$1:$AB$530, $C31))), 1) ) & "*", '[1]Dettaglio pacchetti'!$A$1:$I$530, 8, FALSE ), IFERROR(VLOOKUP($C31, '[1]Dettaglio pacchetti'!$A$1:$I$530, 8, FALSE), "") )} | M31: {=IFERROR( VLOOKUP( INDEX('[1]Dettaglio pacchetti'!$AB$1:$AB$530, _xlfn.AGGREGATE(15, 6, ROW($1:$345)/(ISNUMBER(SEARCH('[1]Dettaglio pacchetti'!$AB$1:$AB$530, $C31))), 1) ) & "*", '[1]Dettaglio pacchetti'!$A$1:$I$530, 9, FALSE ), IFERROR(VLOOKUP($C31, '[1]Dettaglio pacchetti'!$A$1:$I$530, 9, FALSE), "") )} | O31: OK | P31: OK | AA31: {=IFERROR(VLOOKUP(INDEX('[1]Dettaglio pacchetti'!$AB$1:$AB$530, _xlfn.AGGREGATE(15, 6, (ROW($1:$345))/(ISNUMBER(SEARCH('[1]Dettaglio pacchetti'!$AB$1:$AB$530, $C31))), 1)) & "*", '[1]Dettaglio pacchetti'!$A$1:$N$530, 13, FALSE) & "", "")} | AB31: {=IF(ISNUMBER(SEARCH("dev.azure.com", AA31)), IFERROR(VLOOKUP(INDEX('[1]Dettaglio pacchetti'!$AB$1:$AB$530, _xlfn.AGGREGATE(15, 6, (ROW($1:$345))/(ISNUMBER(SEARCH('[1]Dettaglio pacchetti'!$AB$1:$AB$530, $C31))), 1)) & "*", '[1]Dettaglio pacchetti'!$A$1:$N$530, 1, FALSE) & "", ""), "")} | AC31: {=IFERROR( VLOOKUP( INDEX('[1]Dettaglio pacchetti'!$AB$1:$AB$530, _xlfn.AGGREGATE(15,6,ROW($1:$345)/(ISNUMBER(SEARCH('[1]Dettaglio pacchetti'!$AB$1:$AB$530,$C31))),1)) & "*", '[1]Dettaglio pacchetti'!$A$1:$I$530, 7, FALSE ), IFERROR(VLOOKUP($C31, '[1]Dettaglio pacchetti'!$A$1:$I$530, 7, FALSE), "") )} | AD31: {=IFERROR( VLOOKUP( INDEX('[1]Dettaglio pacchetti'!$AB$1:$AB$530, _xlfn.AGGREGATE(15,6,ROW($1:$345)/(ISNUMBER(SEARCH('[1]Dettaglio pacchetti'!$AB$1:$AB$530,$C31))),1)) & "*", '[1]Dettaglio pacchetti'!$A$1:$I$530, 6, FALSE ), IFERROR(VLOOKUP($C31, '[1]Dettaglio pacchetti'!$A$1:$I$530, 6, FALSE), "") )}
D32: {=IFERROR( _xlfn.LET( _xlpm.risultato, IFERROR( _xlfn.XLOOKUP(TRIM(UPPER(G32)), TRIM(UPPER(Applicazioni!$C$1:$C$474)), Applicazioni!$B$1:$B$474 ), _xlfn.XLOOKUP( TRIM(UPPER( INDEX( _xlfn._xlws.FILTER('[1]Dettaglio pacchetti'!$B$1:$B$530, TRIM(UPPER('[1]Dettaglio pacchetti'!$E$1:$E$530))=TRIM(UPPER(G32)), "" ), 1) )), TRIM(UPPER(Applicazioni!$C$1:$C$474)), Applicazioni!$B$1:$B$474 ) ), IF(_xlpm.risultato=0, "", _xlpm.risultato) ), "" )} | E32: {=IF(TRIM($B32)="SG-ANAGRAFE", "Bugni Batte", IF(TRIM($B32)="DW01A", "Cauda", IFERROR( VLOOKUP( INDEX('[1]Dettaglio pacchetti'!$AB$1:$AB$530, _xlfn.AGGREGATE(15, 6, (ROW($1:$345))/(ISNUMBER(SEARCH('[1]Dettaglio pacchetti'!$AB$1:$AB$530, $C32))), 1) ) & "*", '[1]Dettaglio pacchetti'!$A$1:$I$530, 3, FALSE ), IFERROR(VLOOKUP($C32, '[1]Dettaglio pacchetti'!$A$1:$I$530, 3, FALSE), "") ) ) )} | F32: {=IF(TRIM($B32)="DW01A", "ETL - EDW Estrattori", IFERROR( VLOOKUP( INDEX('[1]Dettaglio pacchetti'!$AB$1:$AB$530, _xlfn.AGGREGATE(15, 6, (ROW($1:$345))/(ISNUMBER(SEARCH('[1]Dettaglio pacchetti'!$AB$1:$AB$530, $C32))), 1) ) & "*", '[1]Dettaglio pacchetti'!$A$1:$I$530, 4, FALSE ), IFERROR(VLOOKUP($C32, '[1]Dettaglio pacchetti'!$A$1:$I$530, 4, FALSE), "") ) )} | G32: {=IF(TRIM($B32)="DW01A", "ETL - EDW Estrattori", IF(TRIM($B32)="SG-ANAGRAFE", "SIGEA Anagrafe", IFERROR( VLOOKUP( INDEX('[1]Dettaglio pacchetti'!$AB$1:$AB$530, _xlfn.AGGREGATE(15, 6, (ROW($1:$345))/(ISNUMBER(SEARCH('[1]Dettaglio pacchetti'!$AB$1:$AB$530, $C32))), 1) ) & "*", '[1]Dettaglio pacchetti'!$A$1:$I$530, 5, FALSE ), IFERROR(VLOOKUP($C32, '[1]Dettaglio pacchetti'!$A$1:$I$530, 5, FALSE), "") ) ) )} | I32: =IF(OR(AA32="", AB32=""), "", HYPERLINK(AA32, AB32)) | J32: =IF($AC32="", "", IF(ISNUMBER(SEARCH("Ikan", $AD32)), "", HYPERLINK("https://dev.azure.com/realeitesorg/" & $AC32, $AC32) ) ) | K32: =IF($AC32="", "", IF(ISNUMBER(SEARCH("Ikan", $AD32)), $AC32, "" ) ) | L32: {=IFERROR( VLOOKUP( INDEX('[1]Dettaglio pacchetti'!$AB$1:$AB$530, _xlfn.AGGREGATE(15, 6, ROW($1:$345)/(ISNUMBER(SEARCH('[1]Dettaglio pacchetti'!$AB$1:$AB$530, $C32))), 1) ) & "*", '[1]Dettaglio pacchetti'!$A$1:$I$530, 8, FALSE ), IFERROR(VLOOKUP($C32, '[1]Dettaglio pacchetti'!$A$1:$I$530, 8, FALSE), "") )} | M32: {=IFERROR( VLOOKUP( INDEX('[1]Dettaglio pacchetti'!$AB$1:$AB$530, _xlfn.AGGREGATE(15, 6, ROW($1:$345)/(ISNUMBER(SEARCH('[1]Dettaglio pacchetti'!$AB$1:$AB$530, $C32))), 1) ) & "*", '[1]Dettaglio pacchetti'!$A$1:$I$530, 9, FALSE ), IFERROR(VLOOKUP($C32, '[1]Dettaglio pacchetti'!$A$1:$I$530, 9, FALSE), "") )} | O32: OK | P32: OK | AA32: {=IFERROR(VLOOKUP(INDEX('[1]Dettaglio pacchetti'!$AB$1:$AB$530, _xlfn.AGGREGATE(15, 6, (ROW($1:$345))/(ISNUMBER(SEARCH('[1]Dettaglio pacchetti'!$AB$1:$AB$530, $C32))), 1)) & "*", '[1]Dettaglio pacchetti'!$A$1:$N$530, 13, FALSE) & "", "")} | AB32: {=IF(ISNUMBER(SEARCH("dev.azure.com", AA32)), IFERROR(VLOOKUP(INDEX('[1]Dettaglio pacchetti'!$AB$1:$AB$530, _xlfn.AGGREGATE(15, 6, (ROW($1:$345))/(ISNUMBER(SEARCH('[1]Dettaglio pacchetti'!$AB$1:$AB$530, $C32))), 1)) & "*", '[1]Dettaglio pacchetti'!$A$1:$N$530, 1, FALSE) & "", ""), "")} | AC32: {=IFERROR( VLOOKUP( INDEX('[1]Dettaglio pacchetti'!$AB$1:$AB$530, _xlfn.AGGREGATE(15,6,ROW($1:$345)/(ISNUMBER(SEARCH('[1]Dettaglio pacchetti'!$AB$1:$AB$530,$C32))),1)) & "*", '[1]Dettaglio pacchetti'!$A$1:$I$530, 7, FALSE ), IFERROR(VLOOKUP($C32, '[1]Dettaglio pacchetti'!$A$1:$I$530, 7, FALSE), "") )} | AD32: {=IFERROR( VLOOKUP( INDEX('[1]Dettaglio pacchetti'!$AB$1:$AB$530, _xlfn.AGGREGATE(15,6,ROW($1:$345)/(ISNUMBER(SEARCH('[1]Dettaglio pacchetti'!$AB$1:$AB$530,$C32))),1)) & "*", '[1]Dettaglio pacchetti'!$A$1:$I$530, 6, FALSE ), IFERROR(VLOOKUP($C32, '[1]Dettaglio pacchetti'!$A$1:$I$530, 6, FALSE), "") )}
D33: {=IFERROR( _xlfn.LET( _xlpm.risultato, IFERROR( _xlfn.XLOOKUP(TRIM(UPPER(G33)), TRIM(UPPER(Applicazioni!$C$1:$C$474)), Applicazioni!$B$1:$B$474 ), _xlfn.XLOOKUP( TRIM(UPPER( INDEX( _xlfn._xlws.FILTER('[1]Dettaglio pacchetti'!$B$1:$B$530, TRIM(UPPER('[1]Dettaglio pacchetti'!$E$1:$E$530))=TRIM(UPPER(G33)), "" ), 1) )), TRIM(UPPER(Applicazioni!$C$1:$C$474)), Applicazioni!$B$1:$B$474 ) ), IF(_xlpm.risultato=0, "", _xlpm.risultato) ), "" )} | E33: {=IF(TRIM($B33)="SG-ANAGRAFE", "Bugni Batte", IF(TRIM($B33)="DW01A", "Cauda", IFERROR( VLOOKUP( INDEX('[1]Dettaglio pacchetti'!$AB$1:$AB$530, _xlfn.AGGREGATE(15, 6, (ROW($1:$345))/(ISNUMBER(SEARCH('[1]Dettaglio pacchetti'!$AB$1:$AB$530, $C33))), 1) ) & "*", '[1]Dettaglio pacchetti'!$A$1:$I$530, 3, FALSE ), IFERROR(VLOOKUP($C33, '[1]Dettaglio pacchetti'!$A$1:$I$530, 3, FALSE), "") ) ) )} | F33: {=IF(TRIM($B33)="DW01A", "ETL - EDW Estrattori", IFERROR( VLOOKUP( INDEX('[1]Dettaglio pacchetti'!$AB$1:$AB$530, _xlfn.AGGREGATE(15, 6, (ROW($1:$345))/(ISNUMBER(SEARCH('[1]Dettaglio pacchetti'!$AB$1:$AB$530, $C33))), 1) ) & "*", '[1]Dettaglio pacchetti'!$A$1:$I$530, 4, FALSE ), IFERROR(VLOOKUP($C33, '[1]Dettaglio pacchetti'!$A$1:$I$530, 4, FALSE), "") ) )} | G33: {=IF(TRIM($B33)="DW01A", "ETL - EDW Estrattori", IF(TRIM($B33)="SG-ANAGRAFE", "SIGEA Anagrafe", IFERROR( VLOOKUP( INDEX('[1]Dettaglio pacchetti'!$AB$1:$AB$530, _xlfn.AGGREGATE(15, 6, (ROW($1:$345))/(ISNUMBER(SEARCH('[1]Dettaglio pacchetti'!$AB$1:$AB$530, $C33))), 1) ) & "*", '[1]Dettaglio pacchetti'!$A$1:$I$530, 5, FALSE ), IFERROR(VLOOKUP($C33, '[1]Dettaglio pacchetti'!$A$1:$I$530, 5, FALSE), "") ) ) )} | I33: =IF(OR(AA33="", AB33=""), "", HYPERLINK(AA33, AB33)) | J33: =IF($AC33="", "", IF(ISNUMBER(SEARCH("Ikan", $AD33)), "", HYPERLINK("https://dev.azure.com/realeitesorg/" & $AC33, $AC33) ) ) | K33: =IF($AC33="", "", IF(ISNUMBER(SEARCH("Ikan", $AD33)), $AC33, "" ) ) | L33: {=IFERROR( VLOOKUP( INDEX('[1]Dettaglio pacchetti'!$AB$1:$AB$530, _xlfn.AGGREGATE(15, 6, ROW($1:$345)/(ISNUMBER(SEARCH('[1]Dettaglio pacchetti'!$AB$1:$AB$530, $C33))), 1) ) & "*", '[1]Dettaglio pacchetti'!$A$1:$I$530, 8, FALSE ), IFERROR(VLOOKUP($C33, '[1]Dettaglio pacchetti'!$A$1:$I$530, 8, FALSE), "") )} | M33: {=IFERROR( VLOOKUP( INDEX('[1]Dettaglio pacchetti'!$AB$1:$AB$530, _xlfn.AGGREGATE(15, 6, ROW($1:$345)/(ISNUMBER(SEARCH('[1]Dettaglio pacchetti'!$AB$1:$AB$530, $C33))), 1) ) & "*", '[1]Dettaglio pacchetti'!$A$1:$I$530, 9, FALSE ), IFERROR(VLOOKUP($C33, '[1]Dettaglio pacchetti'!$A$1:$I$530, 9, FALSE), "") )} | O33: OK | P33: OK | AA33: {=IFERROR(VLOOKUP(INDEX('[1]Dettaglio pacchetti'!$AB$1:$AB$530, _xlfn.AGGREGATE(15, 6, (ROW($1:$345))/(ISNUMBER(SEARCH('[1]Dettaglio pacchetti'!$AB$1:$AB$530, $C33))), 1)) & "*", '[1]Dettaglio pacchetti'!$A$1:$N$530, 13, FALSE) & "", "")} | AB33: {=IF(ISNUMBER(SEARCH("dev.azure.com", AA33)), IFERROR(VLOOKUP(INDEX('[1]Dettaglio pacchetti'!$AB$1:$AB$530, _xlfn.AGGREGATE(15, 6, (ROW($1:$345))/(ISNUMBER(SEARCH('[1]Dettaglio pacchetti'!$AB$1:$AB$530, $C33))), 1)) & "*", '[1]Dettaglio pacchetti'!$A$1:$N$530, 1, FALSE) & "", ""), "")} | AC33: {=IFERROR( VLOOKUP( INDEX('[1]Dettaglio pacchetti'!$AB$1:$AB$530, _xlfn.AGGREGATE(15,6,ROW($1:$345)/(ISNUMBER(SEARCH('[1]Dettaglio pacchetti'!$AB$1:$AB$530,$C33))),1)) & "*", '[1]Dettaglio pacchetti'!$A$1:$I$530, 7, FALSE ), IFERROR(VLOOKUP($C33, '[1]Dettaglio pacchetti'!$A$1:$I$530, 7, FALSE), "") )} | AD33: {=IFERROR( VLOOKUP( INDEX('[1]Dettaglio pacchetti'!$AB$1:$AB$530, _xlfn.AGGREGATE(15,6,ROW($1:$345)/(ISNUMBER(SEARCH('[1]Dettaglio pacchetti'!$AB$1:$AB$530,$C33))),1)) & "*", '[1]Dettaglio pacchetti'!$A$1:$I$530, 6, FALSE ), IFERROR(VLOOKUP($C33, '[1]Dettaglio pacchetti'!$A$1:$I$530, 6, FALSE), "") )}
C34: 7RMAEAI-COR-RESERVED | D34: {=IFERROR( _xlfn.LET( _xlpm.risultato, IFERROR( _xlfn.XLOOKUP(TRIM(UPPER(G34)), TRIM(UPPER(Applicazioni!$C$1:$C$474)), Applicazioni!$B$1:$B$474 ), _xlfn.XLOOKUP( TRIM(UPPER( INDEX( _xlfn._xlws.FILTER('[1]Dettaglio pacchetti'!$B$1:$B$530, TRIM(UPPER('[1]Dettaglio pacchetti'!$E$1:$E$530))=TRIM(UPPER(G34)), "" ), 1) )), TRIM(UPPER(Applicazioni!$C$1:$C$474)), Applicazioni!$B$1:$B$474 ) ), IF(_xlpm.risultato=0, "", _xlpm.risultato) ), "" )} -> C20260806_0083 | E34: {=IF(TRIM($B34)="SG-ANAGRAFE", "Bugni Batte", IF(TRIM($B34)="DW01A", "Cauda", IFERROR( VLOOKUP( INDEX('[1]Dettaglio pacchetti'!$AB$1:$AB$530, _xlfn.AGGREGATE(15, 6, (ROW($1:$345))/(ISNUMBER(SEARCH('[1]Dettaglio pacchetti'!$AB$1:$AB$530, $C34))), 1) ) & "*", '[1]Dettaglio pacchetti'!$A$1:$I$530, 3, FALSE ), IFERROR(VLOOKUP($C34, '[1]Dettaglio pacchetti'!$A$1:$I$530, 3, FALSE), "") ) ) )} -> Martino | F34: {=IF(TRIM($B34)="DW01A", "ETL - EDW Estrattori", IFERROR( VLOOKUP( INDEX('[1]Dettaglio pacchetti'!$AB$1:$AB$530, _xlfn.AGGREGATE(15, 6, (ROW($1:$345))/(ISNUMBER(SEARCH('[1]Dettaglio pacchetti'!$AB$1:$AB$530, $C34))), 1) ) & "*", '[1]Dettaglio pacchetti'!$A$1:$I$530, 4, FALSE ), IFERROR(VLOOKUP($C34, '[1]Dettaglio pacchetti'!$A$1:$I$530, 4, FALSE), "") ) )} -> Rilascio pacchetto 7RMAEAICONSOLE | G34: {=IF(TRIM($B34)="DW01A", "ETL - EDW Estrattori", IF(TRIM($B34)="SG-ANAGRAFE", "SIGEA Anagrafe", IFERROR( VLOOKUP( INDEX('[1]Dettaglio pacchetti'!$AB$1:$AB$530, _xlfn.AGGREGATE(15, 6, (ROW($1:$345))/(ISNUMBER(SEARCH('[1]Dettaglio pacchetti'!$AB$1:$AB$530, $C34))), 1) ) & "*", '[1]Dettaglio pacchetti'!$A$1:$I$530, 5, FALSE ), IFERROR(VLOOKUP($C34, '[1]Dettaglio pacchetti'!$A$1:$I$530, 5, FALSE), "") ) ) )} -> Integrazione | H34: {=IFERROR( VLOOKUP( INDEX('[1]Dettaglio pacchetti'!$AB$1:$AB$530, _xlfn.AGGREGATE(15, 6, (ROW($1:$345))/(ISNUMBER(SEARCH('[1]Dettaglio pacchetti'!$AB$1:$AB$530, $C34))), 1) ) & "*", '[1]Dettaglio pacchetti'!$A$1:$I$530, 6, FALSE ), IFERROR(VLOOKUP($C34, '[1]Dettaglio pacchetti'!$A$1:$I$530, 6, FALSE), "") )} -> Ikan Alm | I34: =IF(OR(AA34="", AB34=""), "", HYPERLINK(AA34, AB34)) | J34: =IF($AC34="", "", IF(ISNUMBER(SEARCH("Ikan", $AD34)), "", HYPERLINK("https://dev.azure.com/realeitesorg/" & $AC34, $AC34) ) ) | K34: =IF($AC34="", "", IF(ISNUMBER(SEARCH("Ikan", $AD34)), $AC34, "" ) ) -> INTEGRAZIONE | L34: {=IFERROR( VLOOKUP( INDEX('[1]Dettaglio pacchetti'!$AB$1:$AB$530, _xlfn.AGGREGATE(15, 6, ROW($1:$345)/(ISNUMBER(SEARCH('[1]Dettaglio pacchetti'!$AB$1:$AB$530, $C34))), 1) ) & "*", '[1]Dettaglio pacchetti'!$A$1:$I$530, 8, FALSE ), IFERROR(VLOOKUP($C34, '[1]Dettaglio pacchetti'!$A$1:$I$530, 8, FALSE), "") )} -> 23.00 | M34: {=IFERROR( VLOOKUP( INDEX('[1]Dettaglio pacchetti'!$AB$1:$AB$530, _xlfn.AGGREGATE(15, 6, ROW($1:$345)/(ISNUMBER(SEARCH('[1]Dettaglio pacchetti'!$AB$1:$AB$530, $C34))), 1) ) & "*", '[1]Dettaglio pacchetti'!$A$1:$I$530, 9, FALSE ), IFERROR(VLOOKUP($C34, '[1]Dettaglio pacchetti'!$A$1:$I$530, 9, FALSE), "") )} -> ear | O34: OK | P34: OK | AA34: {=IFERROR(VLOOKUP(INDEX('[1]Dettaglio pacchetti'!$AB$1:$AB$530, _xlfn.AGGREGATE(15, 6, (ROW($1:$345))/(ISNUMBER(SEARCH('[1]Dettaglio pacchetti'!$AB$1:$AB$530, $C34))), 1)) & "*", '[1]Dettaglio pacchetti'!$A$1:$N$530, 13, FALSE) & "", "")} | AB34: {=IF(ISNUMBER(SEARCH("dev.azure.com", AA34)), IFERROR(VLOOKUP(INDEX('[1]Dettaglio pacchetti'!$AB$1:$AB$530, _xlfn.AGGREGATE(15, 6, (ROW($1:$345))/(ISNUMBER(SEARCH('[1]Dettaglio pacchetti'!$AB$1:$AB$530, $C34))), 1)) & "*", '[1]Dettaglio pacchetti'!$A$1:$N$530, 1, FALSE) & "", ""), "")} | AC34: {=IFERROR( VLOOKUP( INDEX('[1]Dettaglio pacchetti'!$AB$1:$AB$530, _xlfn.AGGREGATE(15,6,ROW($1:$345)/(ISNUMBER(SEARCH('[1]Dettaglio pacchetti'!$AB$1:$AB$530,$C34))),1)) & "*", '[1]Dettaglio pacchetti'!$A$1:$I$530, 7, FALSE ), IFERROR(VLOOKUP($C34, '[1]Dettaglio pacchetti'!$A$1:$I$530, 7, FALSE), "") )} -> INTEGRAZIONE | AD34: {=IFERROR( VLOOKUP( INDEX('[1]Dettaglio pacchetti'!$AB$1:$AB$530, _xlfn.AGGREGATE(15,6,ROW($1:$345)/(ISNUMBER(SEARCH('[1]Dettaglio pacchetti'!$AB$1:$AB$530,$C34))),1)) & "*", '[1]Dettaglio pacchetti'!$A$1:$I$530, 6, FALSE ), IFERROR(VLOOKUP($C34, '[1]Dettaglio pacchetti'!$A$1:$I$530, 6, FALSE), "") )} -> Ikan Alm
D35: {=IFERROR( _xlfn.LET( _xlpm.risultato, IFERROR( _xlfn.XLOOKUP(TRIM(UPPER(G35)), TRIM(UPPER(Applicazioni!$C$1:$C$474)), Applicazioni!$B$1:$B$474 ), _xlfn.XLOOKUP( TRIM(UPPER( INDEX( _xlfn._xlws.FILTER('[1]Dettaglio pacchetti'!$B$1:$B$530, TRIM(UPPER('[1]Dettaglio pacchetti'!$E$1:$E$530))=TRIM(UPPER(G35)), "" ), 1) )), TRIM(UPPER(Applicazioni!$C$1:$C$474)), Applicazioni!$B$1:$B$474 ) ), IF(_xlpm.risultato=0, "", _xlpm.risultato) ), "" )} | E35: {=IF(TRIM($B35)="SG-ANAGRAFE", "Bugni Batte", IF(TRIM($B35)="DW01A", "Cauda", IFERROR( VLOOKUP( INDEX('[1]Dettaglio pacchetti'!$AB$1:$AB$530, _xlfn.AGGREGATE(15, 6, (ROW($1:$345))/(ISNUMBER(SEARCH('[1]Dettaglio pacchetti'!$AB$1:$AB$530, $C35))), 1) ) & "*", '[1]Dettaglio pacchetti'!$A$1:$I$530, 3, FALSE ), IFERROR(VLOOKUP($C35, '[1]Dettaglio pacchetti'!$A$1:$I$530, 3, FALSE), "") ) ) )} | F35: {=IF(TRIM($B35)="DW01A", "ETL - EDW Estrattori", IFERROR( VLOOKUP( INDEX('[1]Dettaglio pacchetti'!$AB$1:$AB$530, _xlfn.AGGREGATE(15, 6, (ROW($1:$345))/(ISNUMBER(SEARCH('[1]Dettaglio pacchetti'!$AB$1:$AB$530, $C35))), 1) ) & "*", '[1]Dettaglio pacchetti'!$A$1:$I$530, 4, FALSE ), IFERROR(VLOOKUP($C35, '[1]Dettaglio pacchetti'!$A$1:$I$530, 4, FALSE), "") ) )} | G35: {=IF(TRIM($B35)="DW01A", "ETL - EDW Estrattori", IF(TRIM($B35)="SG-ANAGRAFE", "SIGEA Anagrafe", IFERROR( VLOOKUP( INDEX('[1]Dettaglio pacchetti'!$AB$1:$AB$530, _xlfn.AGGREGATE(15, 6, (ROW($1:$345))/(ISNUMBER(SEARCH('[1]Dettaglio pacchetti'!$AB$1:$AB$530, $C35))), 1) ) & "*", '[1]Dettaglio pacchetti'!$A$1:$I$530, 5, FALSE ), IFERROR(VLOOKUP($C35, '[1]Dettaglio pacchetti'!$A$1:$I$530, 5, FALSE), "") ) ) )} | I35: =IF(OR(AA35="", AB35=""), "", HYPERLINK(AA35, AB35)) | J35: =IF($AC35="", "", IF(ISNUMBER(SEARCH("Ikan", $AD35)), "", HYPERLINK("https://dev.azure.com/realeitesorg/" & $AC35, $AC35) ) ) | K35: =IF($AC35="", "", IF(ISNUMBER(SEARCH("Ikan", $AD35)), $AC35, "" ) ) | L35: {=IFERROR( VLOOKUP( INDEX('[1]Dettaglio pacchetti'!$AB$1:$AB$530, _xlfn.AGGREGATE(15, 6, ROW($1:$345)/(ISNUMBER(SEARCH('[1]Dettaglio pacchetti'!$AB$1:$AB$530, $C35))), 1) ) & "*", '[1]Dettaglio pacchetti'!$A$1:$I$530, 8, FALSE ), IFERROR(VLOOKUP($C35, '[1]Dettaglio pacchetti'!$A$1:$I$530, 8, FALSE), "") )} | M35: {=IFERROR( VLOOKUP( INDEX('[1]Dettaglio pacchetti'!$AB$1:$AB$530, _xlfn.AGGREGATE(15, 6, ROW($1:$345)/(ISNUMBER(SEARCH('[1]Dettaglio pacchetti'!$AB$1:$AB$530, $C35))), 1) ) & "*", '[1]Dettaglio pacchetti'!$A$1:$I$530, 9, FALSE ), IFERROR(VLOOKUP($C35, '[1]Dettaglio pacchetti'!$A$1:$I$530, 9, FALSE), "") )} | O35: OK | P35: OK | AA35: {=IFERROR(VLOOKUP(INDEX('[1]Dettaglio pacchetti'!$AB$1:$AB$530, _xlfn.AGGREGATE(15, 6, (ROW($1:$345))/(ISNUMBER(SEARCH('[1]Dettaglio pacchetti'!$AB$1:$AB$530, $C35))), 1)) & "*", '[1]Dettaglio pacchetti'!$A$1:$N$530, 13, FALSE) & "", "")} | AB35: {=IF(ISNUMBER(SEARCH("dev.azure.com", AA35)), IFERROR(VLOOKUP(INDEX('[1]Dettaglio pacchetti'!$AB$1:$AB$530, _xlfn.AGGREGATE(15, 6, (ROW($1:$345))/(ISNUMBER(SEARCH('[1]Dettaglio pacchetti'!$AB$1:$AB$530, $C35))), 1)) & "*", '[1]Dettaglio pacchetti'!$A$1:$N$530, 1, FALSE) & "", ""), "")} | AC35: {=IFERROR( VLOOKUP( INDEX('[1]Dettaglio pacchetti'!$AB$1:$AB$530, _xlfn.AGGREGATE(15,6,ROW($1:$345)/(ISNUMBER(SEARCH('[1]Dettaglio pacchetti'!$AB$1:$AB$530,$C35))),1)) & "*", '[1]Dettaglio pacchetti'!$A$1:$I$530, 7, FALSE ), IFERROR(VLOOKUP($C35, '[1]Dettaglio pacchetti'!$A$1:$I$530, 7, FALSE), "") )} | AD35: {=IFERROR( VLOOKUP( INDEX('[1]Dettaglio pacchetti'!$AB$1:$AB$530, _xlfn.AGGREGATE(15,6,ROW($1:$345)/(ISNUMBER(SEARCH('[1]Dettaglio pacchetti'!$AB$1:$AB$530,$C35))),1)) & "*", '[1]Dettaglio pacchetti'!$A$1:$I$530, 6, FALSE ), IFERROR(VLOOKUP($C35, '[1]Dettaglio pacchetti'!$A$1:$I$530, 6, FALSE), "") )}
D36: {=IFERROR( _xlfn.LET( _xlpm.risultato, IFERROR( _xlfn.XLOOKUP(TRIM(UPPER(G36)), TRIM(UPPER(Applicazioni!$C$1:$C$474)), Applicazioni!$B$1:$B$474 ), _xlfn.XLOOKUP( TRIM(UPPER( INDEX( _xlfn._xlws.FILTER('[1]Dettaglio pacchetti'!$B$1:$B$530, TRIM(UPPER('[1]Dettaglio pacchetti'!$E$1:$E$530))=TRIM(UPPER(G36)), "" ), 1) )), TRIM(UPPER(Applicazioni!$C$1:$C$474)), Applicazioni!$B$1:$B$474 ) ), IF(_xlpm.risultato=0, "", _xlpm.risultato) ), "" )} | E36: {=IF(TRIM($B36)="SG-ANAGRAFE", "Bugni Batte", IF(TRIM($B36)="DW01A", "Cauda", IFERROR( VLOOKUP( INDEX('[1]Dettaglio pacchetti'!$AB$1:$AB$530, _xlfn.AGGREGATE(15, 6, (ROW($1:$345))/(ISNUMBER(SEARCH('[1]Dettaglio pacchetti'!$AB$1:$AB$530, $C36))), 1) ) & "*", '[1]Dettaglio pacchetti'!$A$1:$I$530, 3, FALSE ), IFERROR(VLOOKUP($C36, '[1]Dettaglio pacchetti'!$A$1:$I$530, 3, FALSE), "") ) ) )} | F36: {=IF(TRIM($B36)="DW01A", "ETL - EDW Estrattori", IFERROR( VLOOKUP( INDEX('[1]Dettaglio pacchetti'!$AB$1:$AB$530, _xlfn.AGGREGATE(15, 6, (ROW($1:$345))/(ISNUMBER(SEARCH('[1]Dettaglio pacchetti'!$AB$1:$AB$530, $C36))), 1) ) & "*", '[1]Dettaglio pacchetti'!$A$1:$I$530, 4, FALSE ), IFERROR(VLOOKUP($C36, '[1]Dettaglio pacchetti'!$A$1:$I$530, 4, FALSE), "") ) )} | G36: {=IF(TRIM($B36)="DW01A", "ETL - EDW Estrattori", IF(TRIM($B36)="SG-ANAGRAFE", "SIGEA Anagrafe", IFERROR( VLOOKUP( INDEX('[1]Dettaglio pacchetti'!$AB$1:$AB$530, _xlfn.AGGREGATE(15, 6, (ROW($1:$345))/(ISNUMBER(SEARCH('[1]Dettaglio pacchetti'!$AB$1:$AB$530, $C36))), 1) ) & "*", '[1]Dettaglio pacchetti'!$A$1:$I$530, 5, FALSE ), IFERROR(VLOOKUP($C36, '[1]Dettaglio pacchetti'!$A$1:$I$530, 5, FALSE), "") ) ) )} | I36: =IF(OR(AA36="", AB36=""), "", HYPERLINK(AA36, AB36)) | J36: =IF($AC36="", "", IF(ISNUMBER(SEARCH("Ikan", $AD36)), "", HYPERLINK("https://dev.azure.com/realeitesorg/" & $AC36, $AC36) ) ) | K36: =IF($AC36="", "", IF(ISNUMBER(SEARCH("Ikan", $AD36)), $AC36, "" ) ) | L36: {=IFERROR( VLOOKUP( INDEX('[1]Dettaglio pacchetti'!$AB$1:$AB$530, _xlfn.AGGREGATE(15, 6, ROW($1:$345)/(ISNUMBER(SEARCH('[1]Dettaglio pacchetti'!$AB$1:$AB$530, $C36))), 1) ) & "*", '[1]Dettaglio pacchetti'!$A$1:$I$530, 8, FALSE ), IFERROR(VLOOKUP($C36, '[1]Dettaglio pacchetti'!$A$1:$I$530, 8, FALSE), "") )} | M36: {=IFERROR( VLOOKUP( INDEX('[1]Dettaglio pacchetti'!$AB$1:$AB$530, _xlfn.AGGREGATE(15, 6, ROW($1:$345)/(ISNUMBER(SEARCH('[1]Dettaglio pacchetti'!$AB$1:$AB$530, $C36))), 1) ) & "*", '[1]Dettaglio pacchetti'!$A$1:$I$530, 9, FALSE ), IFERROR(VLOOKUP($C36, '[1]Dettaglio pacchetti'!$A$1:$I$530, 9, FALSE), "") )} | O36: OK | P36: OK | AA36: {=IFERROR(VLOOKUP(INDEX('[1]Dettaglio pacchetti'!$AB$1:$AB$530, _xlfn.AGGREGATE(15, 6, (ROW($1:$345))/(ISNUMBER(SEARCH('[1]Dettaglio pacchetti'!$AB$1:$AB$530, $C36))), 1)) & "*", '[1]Dettaglio pacchetti'!$A$1:$N$530, 13, FALSE) & "", "")} | AB36: {=IF(ISNUMBER(SEARCH("dev.azure.com", AA36)), IFERROR(VLOOKUP(INDEX('[1]Dettaglio pacchetti'!$AB$1:$AB$530, _xlfn.AGGREGATE(15, 6, (ROW($1:$345))/(ISNUMBER(SEARCH('[1]Dettaglio pacchetti'!$AB$1:$AB$530, $C36))), 1)) & "*", '[1]Dettaglio pacchetti'!$A$1:$N$530, 1, FALSE) & "", ""), "")} | AC36: {=IFERROR( VLOOKUP( INDEX('[1]Dettaglio pacchetti'!$AB$1:$AB$530, _xlfn.AGGREGATE(15,6,ROW($1:$345)/(ISNUMBER(SEARCH('[1]Dettaglio pacchetti'!$AB$1:$AB$530,$C36))),1)) & "*", '[1]Dettaglio pacchetti'!$A$1:$I$530, 7, FALSE ), IFERROR(VLOOKUP($C36, '[1]Dettaglio pacchetti'!$A$1:$I$530, 7, FALSE), "") )} | AD36: {=IFERROR( VLOOKUP( INDEX('[1]Dettaglio pacchetti'!$AB$1:$AB$530, _xlfn.AGGREGATE(15,6,ROW($1:$345)/(ISNUMBER(SEARCH('[1]Dettaglio pacchetti'!$AB$1:$AB$530,$C36))),1)) & "*", '[1]Dettaglio pacchetti'!$A$1:$I$530, 6, FALSE ), IFERROR(VLOOKUP($C36, '[1]Dettaglio pacchetti'!$A$1:$I$530, 6, FALSE), "") )}
D37: {=IFERROR( _xlfn.LET( _xlpm.risultato, IFERROR( _xlfn.XLOOKUP(TRIM(UPPER(G37)), TRIM(UPPER(Applicazioni!$C$1:$C$474)), Applicazioni!$B$1:$B$474 ), _xlfn.XLOOKUP( TRIM(UPPER( INDEX( _xlfn._xlws.FILTER('[1]Dettaglio pacchetti'!$B$1:$B$530, TRIM(UPPER('[1]Dettaglio pacchetti'!$E$1:$E$530))=TRIM(UPPER(G37)), "" ), 1) )), TRIM(UPPER(Applicazioni!$C$1:$C$474)), Applicazioni!$B$1:$B$474 ) ), IF(_xlpm.risultato=0, "", _xlpm.risultato) ), "" )} | E37: {=IF(TRIM($B37)="SG-ANAGRAFE", "Bugni Batte", IF(TRIM($B37)="DW01A", "Cauda", IFERROR( VLOOKUP( INDEX('[1]Dettaglio pacchetti'!$AB$1:$AB$530, _xlfn.AGGREGATE(15, 6, (ROW($1:$345))/(ISNUMBER(SEARCH('[1]Dettaglio pacchetti'!$AB$1:$AB$530, $C37))), 1) ) & "*", '[1]Dettaglio pacchetti'!$A$1:$I$530, 3, FALSE ), IFERROR(VLOOKUP($C37, '[1]Dettaglio pacchetti'!$A$1:$I$530, 3, FALSE), "") ) ) )} | F37: {=IF(TRIM($B37)="DW01A", "ETL - EDW Estrattori", IFERROR( VLOOKUP( INDEX('[1]Dettaglio pacchetti'!$AB$1:$AB$530, _xlfn.AGGREGATE(15, 6, (ROW($1:$345))/(ISNUMBER(SEARCH('[1]Dettaglio pacchetti'!$AB$1:$AB$530, $C37))), 1) ) & "*", '[1]Dettaglio pacchetti'!$A$1:$I$530, 4, FALSE ), IFERROR(VLOOKUP($C37, '[1]Dettaglio pacchetti'!$A$1:$I$530, 4, FALSE), "") ) )} | G37: {=IF(TRIM($B37)="DW01A", "ETL - EDW Estrattori", IF(TRIM($B37)="SG-ANAGRAFE", "SIGEA Anagrafe", IFERROR( VLOOKUP( INDEX('[1]Dettaglio pacchetti'!$AB$1:$AB$530, _xlfn.AGGREGATE(15, 6, (ROW($1:$345))/(ISNUMBER(SEARCH('[1]Dettaglio pacchetti'!$AB$1:$AB$530, $C37))), 1) ) & "*", '[1]Dettaglio pacchetti'!$A$1:$I$530, 5, FALSE ), IFERROR(VLOOKUP($C37, '[1]Dettaglio pacchetti'!$A$1:$I$530, 5, FALSE), "") ) ) )} | I37: =IF(OR(AA37="", AB37=""), "", HYPERLINK(AA37, AB37)) | J37: =IF($AC37="", "", IF(ISNUMBER(SEARCH("Ikan", $AD37)), "", HYPERLINK("https://dev.azure.com/realeitesorg/" & $AC37, $AC37) ) ) | K37: =IF($AC37="", "", IF(ISNUMBER(SEARCH("Ikan", $AD37)), $AC37, "" ) ) | L37: {=IFERROR( VLOOKUP( INDEX('[1]Dettaglio pacchetti'!$AB$1:$AB$530, _xlfn.AGGREGATE(15, 6, ROW($1:$345)/(ISNUMBER(SEARCH('[1]Dettaglio pacchetti'!$AB$1:$AB$530, $C37))), 1) ) & "*", '[1]Dettaglio pacchetti'!$A$1:$I$530, 8, FALSE ), IFERROR(VLOOKUP($C37, '[1]Dettaglio pacchetti'!$A$1:$I$530, 8, FALSE), "") )} | M37: {=IFERROR( VLOOKUP( INDEX('[1]Dettaglio pacchetti'!$AB$1:$AB$530, _xlfn.AGGREGATE(15, 6, ROW($1:$345)/(ISNUMBER(SEARCH('[1]Dettaglio pacchetti'!$AB$1:$AB$530, $C37))), 1) ) & "*", '[1]Dettaglio pacchetti'!$A$1:$I$530, 9, FALSE ), IFERROR(VLOOKUP($C37, '[1]Dettaglio pacchetti'!$A$1:$I$530, 9, FALSE), "") )} | O37: OK | P37: OK | AA37: {=IFERROR(VLOOKUP(INDEX('[1]Dettaglio pacchetti'!$AB$1:$AB$530, _xlfn.AGGREGATE(15, 6, (ROW($1:$345))/(ISNUMBER(SEARCH('[1]Dettaglio pacchetti'!$AB$1:$AB$530, $C37))), 1)) & "*", '[1]Dettaglio pacchetti'!$A$1:$N$530, 13, FALSE) & "", "")} | AB37: {=IF(ISNUMBER(SEARCH("dev.azure.com", AA37)), IFERROR(VLOOKUP(INDEX('[1]Dettaglio pacchetti'!$AB$1:$AB$530, _xlfn.AGGREGATE(15, 6, (ROW($1:$345))/(ISNUMBER(SEARCH('[1]Dettaglio pacchetti'!$AB$1:$AB$530, $C37))), 1)) & "*", '[1]Dettaglio pacchetti'!$A$1:$N$530, 1, FALSE) & "", ""), "")} | AC37: {=IFERROR( VLOOKUP( INDEX('[1]Dettaglio pacchetti'!$AB$1:$AB$530, _xlfn.AGGREGATE(15,6,ROW($1:$345)/(ISNUMBER(SEARCH('[1]Dettaglio pacchetti'!$AB$1:$AB$530,$C37))),1)) & "*", '[1]Dettaglio pacchetti'!$A$1:$I$530, 7, FALSE ), IFERROR(VLOOKUP($C37, '[1]Dettaglio pacchetti'!$A$1:$I$530, 7, FALSE), "") )} | AD37: {=IFERROR( VLOOKUP( INDEX('[1]Dettaglio pacchetti'!$AB$1:$AB$530, _xlfn.AGGREGATE(15,6,ROW($1:$345)/(ISNUMBER(SEARCH('[1]Dettaglio pacchetti'!$AB$1:$AB$530,$C37))),1)) & "*", '[1]Dettaglio pacchetti'!$A$1:$I$530, 6, FALSE ), IFERROR(VLOOKUP($C37, '[1]Dettaglio pacchetti'!$A$1:$I$530, 6, FALSE), "") )}
D38: {=IFERROR( _xlfn.LET( _xlpm.risultato, IFERROR( _xlfn.XLOOKUP(TRIM(UPPER(G38)), TRIM(UPPER(Applicazioni!$C$1:$C$474)), Applicazioni!$B$1:$B$474 ), _xlfn.XLOOKUP( TRIM(UPPER( INDEX( _xlfn._xlws.FILTER('[1]Dettaglio pacchetti'!$B$1:$B$530, TRIM(UPPER('[1]Dettaglio pacchetti'!$E$1:$E$530))=TRIM(UPPER(G38)), "" ), 1) )), TRIM(UPPER(Applicazioni!$C$1:$C$474)), Applicazioni!$B$1:$B$474 ) ), IF(_xlpm.risultato=0, "", _xlpm.risultato) ), "" )} | E38: {=IF(TRIM($B38)="SG-ANAGRAFE", "Bugni Batte", IF(TRIM($B38)="DW01A", "Cauda", IFERROR( VLOOKUP( INDEX('[1]Dettaglio pacchetti'!$AB$1:$AB$530, _xlfn.AGGREGATE(15, 6, (ROW($1:$345))/(ISNUMBER(SEARCH('[1]Dettaglio pacchetti'!$AB$1:$AB$530, $C38))), 1) ) & "*", '[1]Dettaglio pacchetti'!$A$1:$I$530, 3, FALSE ), IFERROR(VLOOKUP($C38, '[1]Dettaglio pacchetti'!$A$1:$I$530, 3, FALSE), "") ) ) )} | F38: {=IF(TRIM($B38)="DW01A", "ETL - EDW Estrattori", IFERROR( VLOOKUP( INDEX('[1]Dettaglio pacchetti'!$AB$1:$AB$530, _xlfn.AGGREGATE(15, 6, (ROW($1:$345))/(ISNUMBER(SEARCH('[1]Dettaglio pacchetti'!$AB$1:$AB$530, $C38))), 1) ) & "*", '[1]Dettaglio pacchetti'!$A$1:$I$530, 4, FALSE ), IFERROR(VLOOKUP($C38, '[1]Dettaglio pacchetti'!$A$1:$I$530, 4, FALSE), "") ) )} | G38: {=IF(TRIM($B38)="DW01A", "ETL - EDW Estrattori", IF(TRIM($B38)="SG-ANAGRAFE", "SIGEA Anagrafe", IFERROR( VLOOKUP( INDEX('[1]Dettaglio pacchetti'!$AB$1:$AB$530, _xlfn.AGGREGATE(15, 6, (ROW($1:$345))/(ISNUMBER(SEARCH('[1]Dettaglio pacchetti'!$AB$1:$AB$530, $C38))), 1) ) & "*", '[1]Dettaglio pacchetti'!$A$1:$I$530, 5, FALSE ), IFERROR(VLOOKUP($C38, '[1]Dettaglio pacchetti'!$A$1:$I$530, 5, FALSE), "") ) ) )} | I38: =IF(OR(AA38="", AB38=""), "", HYPERLINK(AA38, AB38)) | J38: =IF($AC38="", "", IF(ISNUMBER(SEARCH("Ikan", $AD38)), "", HYPERLINK("https://dev.azure.com/realeitesorg/" & $AC38, $AC38) ) ) | K38: =IF($AC38="", "", IF(ISNUMBER(SEARCH("Ikan", $AD38)), $AC38, "" ) ) | L38: {=IFERROR( VLOOKUP( INDEX('[1]Dettaglio pacchetti'!$AB$1:$AB$530, _xlfn.AGGREGATE(15, 6, ROW($1:$345)/(ISNUMBER(SEARCH('[1]Dettaglio pacchetti'!$AB$1:$AB$530, $C38))), 1) ) & "*", '[1]Dettaglio pacchetti'!$A$1:$I$530, 8, FALSE ), IFERROR(VLOOKUP($C38, '[1]Dettaglio pacchetti'!$A$1:$I$530, 8, FALSE), "") )} | M38: {=IFERROR( VLOOKUP( INDEX('[1]Dettaglio pacchetti'!$AB$1:$AB$530, _xlfn.AGGREGATE(15, 6, ROW($1:$345)/(ISNUMBER(SEARCH('[1]Dettaglio pacchetti'!$AB$1:$AB$530, $C38))), 1) ) & "*", '[1]Dettaglio pacchetti'!$A$1:$I$530, 9, FALSE ), IFERROR(VLOOKUP($C38, '[1]Dettaglio pacchetti'!$A$1:$I$530, 9, FALSE), "") )} | O38: OK | P38: OK | AA38: {=IFERROR(VLOOKUP(INDEX('[1]Dettaglio pacchetti'!$AB$1:$AB$530, _xlfn.AGGREGATE(15, 6, (ROW($1:$345))/(ISNUMBER(SEARCH('[1]Dettaglio pacchetti'!$AB$1:$AB$530, $C38))), 1)) & "*", '[1]Dettaglio pacchetti'!$A$1:$N$530, 13, FALSE) & "", "")} | AB38: {=IF(ISNUMBER(SEARCH("dev.azure.com", AA38)), IFERROR(VLOOKUP(INDEX('[1]Dettaglio pacchetti'!$AB$1:$AB$530, _xlfn.AGGREGATE(15, 6, (ROW($1:$345))/(ISNUMBER(SEARCH('[1]Dettaglio pacchetti'!$AB$1:$AB$530, $C38))), 1)) & "*", '[1]Dettaglio pacchetti'!$A$1:$N$530, 1, FALSE) & "", ""), "")} | AC38: {=IFERROR( VLOOKUP( INDEX('[1]Dettaglio pacchetti'!$AB$1:$AB$530, _xlfn.AGGREGATE(15,6,ROW($1:$345)/(ISNUMBER(SEARCH('[1]Dettaglio pacchetti'!$AB$1:$AB$530,$C38))),1)) & "*", '[1]Dettaglio pacchetti'!$A$1:$I$530, 7, FALSE ), IFERROR(VLOOKUP($C38, '[1]Dettaglio pacchetti'!$A$1:$I$530, 7, FALSE), "") )} | AD38: {=IFERROR( VLOOKUP( INDEX('[1]Dettaglio pacchetti'!$AB$1:$AB$530, _xlfn.AGGREGATE(15,6,ROW($1:$345)/(ISNUMBER(SEARCH('[1]Dettaglio pacchetti'!$AB$1:$AB$530,$C38))),1)) & "*", '[1]Dettaglio pacchetti'!$A$1:$I$530, 6, FALSE ), IFERROR(VLOOKUP($C38, '[1]Dettaglio pacchetti'!$A$1:$I$530, 6, FALSE), "") )}
D39: {=IFERROR( _xlfn.LET( _xlpm.risultato, IFERROR( _xlfn.XLOOKUP(TRIM(UPPER(G39)), TRIM(UPPER(Applicazioni!$C$1:$C$474)), Applicazioni!$B$1:$B$474 ), _xlfn.XLOOKUP( TRIM(UPPER( INDEX( _xlfn._xlws.FILTER('[1]Dettaglio pacchetti'!$B$1:$B$530, TRIM(UPPER('[1]Dettaglio pacchetti'!$E$1:$E$530))=TRIM(UPPER(G39)), "" ), 1) )), TRIM(UPPER(Applicazioni!$C$1:$C$474)), Applicazioni!$B$1:$B$474 ) ), IF(_xlpm.risultato=0, "", _xlpm.risultato) ), "" )} | E39: {=IF(TRIM($B39)="SG-ANAGRAFE", "Bugni Batte", IF(TRIM($B39)="DW01A", "Cauda", IFERROR( VLOOKUP( INDEX('[1]Dettaglio pacchetti'!$AB$1:$AB$530, _xlfn.AGGREGATE(15, 6, (ROW($1:$345))/(ISNUMBER(SEARCH('[1]Dettaglio pacchetti'!$AB$1:$AB$530, $C39))), 1) ) & "*", '[1]Dettaglio pacchetti'!$A$1:$I$530, 3, FALSE ), IFERROR(VLOOKUP($C39, '[1]Dettaglio pacchetti'!$A$1:$I$530, 3, FALSE), "") ) ) )} | F39: {=IF(TRIM($B39)="DW01A", "ETL - EDW Estrattori", IFERROR( VLOOKUP( INDEX('[1]Dettaglio pacchetti'!$AB$1:$AB$530, _xlfn.AGGREGATE(15, 6, (ROW($1:$345))/(ISNUMBER(SEARCH('[1]Dettaglio pacchetti'!$AB$1:$AB$530, $C39))), 1) ) & "*", '[1]Dettaglio pacchetti'!$A$1:$I$530, 4, FALSE ), IFERROR(VLOOKUP($C39, '[1]Dettaglio pacchetti'!$A$1:$I$530, 4, FALSE), "") ) )} | G39: {=IF(TRIM($B39)="DW01A", "ETL - EDW Estrattori", IF(TRIM($B39)="SG-ANAGRAFE", "SIGEA Anagrafe", IFERROR( VLOOKUP( INDEX('[1]Dettaglio pacchetti'!$AB$1:$AB$530, _xlfn.AGGREGATE(15, 6, (ROW($1:$345))/(ISNUMBER(SEARCH('[1]Dettaglio pacchetti'!$AB$1:$AB$530, $C39))), 1) ) & "*", '[1]Dettaglio pacchetti'!$A$1:$I$530, 5, FALSE ), IFERROR(VLOOKUP($C39, '[1]Dettaglio pacchetti'!$A$1:$I$530, 5, FALSE), "") ) ) )} | J39: =IF($AC39="", "", IF(ISNUMBER(SEARCH("Ikan", $AD39)), "", HYPERLINK("https://dev.azure.com/realeitesorg/" & $AC39, $AC39) ) ) | K39: =IF($AC39="", "", IF(ISNUMBER(SEARCH("Ikan", $AD39)), $AC39, "" ) ) | L39: {=IFERROR( VLOOKUP( INDEX('[1]Dettaglio pacchetti'!$AB$1:$AB$530, _xlfn.AGGREGATE(15, 6, ROW($1:$345)/(ISNUMBER(SEARCH('[1]Dettaglio pacchetti'!$AB$1:$AB$530, $C39))), 1) ) & "*", '[1]Dettaglio pacchetti'!$A$1:$I$530, 8, FALSE ), IFERROR(VLOOKUP($C39, '[1]Dettaglio pacchetti'!$A$1:$I$530, 8, FALSE), "") )} | M39: {=IFERROR( VLOOKUP( INDEX('[1]Dettaglio pacchetti'!$AB$1:$AB$530, _xlfn.AGGREGATE(15, 6, ROW($1:$345)/(ISNUMBER(SEARCH('[1]Dettaglio pacchetti'!$AB$1:$AB$530, $C39))), 1) ) & "*", '[1]Dettaglio pacchetti'!$A$1:$I$530, 9, FALSE ), IFERROR(VLOOKUP($C39, '[1]Dettaglio pacchetti'!$A$1:$I$530, 9, FALSE), "") )} | O39: OK | P39: OK | AA39: {=IFERROR(VLOOKUP(INDEX('[1]Dettaglio pacchetti'!$AB$1:$AB$530, _xlfn.AGGREGATE(15, 6, (ROW($1:$345))/(ISNUMBER(SEARCH('[1]Dettaglio pacchetti'!$AB$1:$AB$530, $C39))), 1)) & "*", '[1]Dettaglio pacchetti'!$A$1:$N$530, 13, FALSE) & "", "")} | AB39: {=IF(ISNUMBER(SEARCH("dev.azure.com", AA39)), IFERROR(VLOOKUP(INDEX('[1]Dettaglio pacchetti'!$AB$1:$AB$530, _xlfn.AGGREGATE(15, 6, (ROW($1:$345))/(ISNUMBER(SEARCH('[1]Dettaglio pacchetti'!$AB$1:$AB$530, $C39))), 1)) & "*", '[1]Dettaglio pacchetti'!$A$1:$N$530, 1, FALSE) & "", ""), "")} | AC39: {=IFERROR( VLOOKUP( INDEX('[1]Dettaglio pacchetti'!$AB$1:$AB$530, _xlfn.AGGREGATE(15,6,ROW($1:$345)/(ISNUMBER(SEARCH('[1]Dettaglio pacchetti'!$AB$1:$AB$530,$C39))),1)) & "*", '[1]Dettaglio pacchetti'!$A$1:$I$530, 7, FALSE ), IFERROR(VLOOKUP($C39, '[1]Dettaglio pacchetti'!$A$1:$I$530, 7, FALSE), "") )} | AD39: {=IFERROR( VLOOKUP( INDEX('[1]Dettaglio pacchetti'!$AB$1:$AB$530, _xlfn.AGGREGATE(15,6,ROW($1:$345)/(ISNUMBER(SEARCH('[1]Dettaglio pacchetti'!$AB$1:$AB$530,$C39))),1)) & "*", '[1]Dettaglio pacchetti'!$A$1:$I$530, 6, FALSE ), IFERROR(VLOOKUP($C39, '[1]Dettaglio pacchetti'!$A$1:$I$530, 6, FALSE), "") )}
D40: {=IFERROR( _xlfn.LET( _xlpm.risultato, IFERROR( _xlfn.XLOOKUP(TRIM(UPPER(G40)), TRIM(UPPER(Applicazioni!$C$1:$C$474)), Applicazioni!$B$1:$B$474 ), _xlfn.XLOOKUP( TRIM(UPPER( INDEX( _xlfn._xlws.FILTER('[1]Dettaglio pacchetti'!$B$1:$B$530, TRIM(UPPER('[1]Dettaglio pacchetti'!$E$1:$E$530))=TRIM(UPPER(G40)), "" ), 1) )), TRIM(UPPER(Applicazioni!$C$1:$C$474)), Applicazioni!$B$1:$B$474 ) ), IF(_xlpm.risultato=0, "", _xlpm.risultato) ), "" )} | E40: {=IF(TRIM($B40)="SG-ANAGRAFE", "Bugni Batte", IF(TRIM($B40)="DW01A", "Cauda", IFERROR( VLOOKUP( INDEX('[1]Dettaglio pacchetti'!$AB$1:$AB$530, _xlfn.AGGREGATE(15, 6, (ROW($1:$345))/(ISNUMBER(SEARCH('[1]Dettaglio pacchetti'!$AB$1:$AB$530, $C40))), 1) ) & "*", '[1]Dettaglio pacchetti'!$A$1:$I$530, 3, FALSE ), IFERROR(VLOOKUP($C40, '[1]Dettaglio pacchetti'!$A$1:$I$530, 3, FALSE), "") ) ) )} | F40: {=IF(TRIM($B40)="DW01A", "ETL - EDW Estrattori", IFERROR( VLOOKUP( INDEX('[1]Dettaglio pacchetti'!$AB$1:$AB$530, _xlfn.AGGREGATE(15, 6, (ROW($1:$345))/(ISNUMBER(SEARCH('[1]Dettaglio pacchetti'!$AB$1:$AB$530, $C40))), 1) ) & "*", '[1]Dettaglio pacchetti'!$A$1:$I$530, 4, FALSE ), IFERROR(VLOOKUP($C40, '[1]Dettaglio pacchetti'!$A$1:$I$530, 4, FALSE), "") ) )} | G40: {=IF(TRIM($B40)="DW01A", "ETL - EDW Estrattori", IF(TRIM($B40)="SG-ANAGRAFE", "SIGEA Anagrafe", IFERROR( VLOOKUP( INDEX('[1]Dettaglio pacchetti'!$AB$1:$AB$530, _xlfn.AGGREGATE(15, 6, (ROW($1:$345))/(ISNUMBER(SEARCH('[1]Dettaglio pacchetti'!$AB$1:$AB$530, $C40))), 1) ) & "*", '[1]Dettaglio pacchetti'!$A$1:$I$530, 5, FALSE ), IFERROR(VLOOKUP($C40, '[1]Dettaglio pacchetti'!$A$1:$I$530, 5, FALSE), "") ) ) )} | J40: =IF($AC40="", "", IF(ISNUMBER(SEARCH("Ikan", $AD40)), "", HYPERLINK("https://dev.azure.com/realeitesorg/" & $AC40, $AC40) ) ) | K40: =IF($AC40="", "", IF(ISNUMBER(SEARCH("Ikan", $AD40)), $AC40, "" ) ) | L40: {=IFERROR( VLOOKUP( INDEX('[1]Dettaglio pacchetti'!$AB$1:$AB$530, _xlfn.AGGREGATE(15, 6, ROW($1:$345)/(ISNUMBER(SEARCH('[1]Dettaglio pacchetti'!$AB$1:$AB$530, $C40))), 1) ) & "*", '[1]Dettaglio pacchetti'!$A$1:$I$530, 8, FALSE ), IFERROR(VLOOKUP($C40, '[1]Dettaglio pacchetti'!$A$1:$I$530, 8, FALSE), "") )} | M40: {=IFERROR( VLOOKUP( INDEX('[1]Dettaglio pacchetti'!$AB$1:$AB$530, _xlfn.AGGREGATE(15, 6, ROW($1:$345)/(ISNUMBER(SEARCH('[1]Dettaglio pacchetti'!$AB$1:$AB$530, $C40))), 1) ) & "*", '[1]Dettaglio pacchetti'!$A$1:$I$530, 9, FALSE ), IFERROR(VLOOKUP($C40, '[1]Dettaglio pacchetti'!$A$1:$I$530, 9, FALSE), "") )} | O40: OK | P40: OK | AA40: {=IFERROR(VLOOKUP(INDEX('[1]Dettaglio pacchetti'!$AB$1:$AB$530, _xlfn.AGGREGATE(15, 6, (ROW($1:$345))/(ISNUMBER(SEARCH('[1]Dettaglio pacchetti'!$AB$1:$AB$530, $C40))), 1)) & "*", '[1]Dettaglio pacchetti'!$A$1:$N$530, 13, FALSE) & "", "")} | AB40: {=IF(ISNUMBER(SEARCH("dev.azure.com", AA40)), IFERROR(VLOOKUP(INDEX('[1]Dettaglio pacchetti'!$AB$1:$AB$530, _xlfn.AGGREGATE(15, 6, (ROW($1:$345))/(ISNUMBER(SEARCH('[1]Dettaglio pacchetti'!$AB$1:$AB$530, $C40))), 1)) & "*", '[1]Dettaglio pacchetti'!$A$1:$N$530, 1, FALSE) & "", ""), "")} | AC40: {=IFERROR( VLOOKUP( INDEX('[1]Dettaglio pacchetti'!$AB$1:$AB$530, _xlfn.AGGREGATE(15,6,ROW($1:$345)/(ISNUMBER(SEARCH('[1]Dettaglio pacchetti'!$AB$1:$AB$530,$C40))),1)) & "*", '[1]Dettaglio pacchetti'!$A$1:$I$530, 7, FALSE ), IFERROR(VLOOKUP($C40, '[1]Dettaglio pacchetti'!$A$1:$I$530, 7, FALSE), "") )} | AD40: {=IFERROR( VLOOKUP( INDEX('[1]Dettaglio pacchetti'!$AB$1:$AB$530, _xlfn.AGGREGATE(15,6,ROW($1:$345)/(ISNUMBER(SEARCH('[1]Dettaglio pacchetti'!$AB$1:$AB$530,$C40))),1)) & "*", '[1]Dettaglio pacchetti'!$A$1:$I$530, 6, FALSE ), IFERROR(VLOOKUP($C40, '[1]Dettaglio pacchetti'!$A$1:$I$530, 6, FALSE), "") )}
D41: {=IFERROR( _xlfn.LET( _xlpm.risultato, IFERROR( _xlfn.XLOOKUP(TRIM(UPPER(G41)), TRIM(UPPER(Applicazioni!$C$1:$C$474)), Applicazioni!$B$1:$B$474 ), _xlfn.XLOOKUP( TRIM(UPPER( INDEX( _xlfn._xlws.FILTER('[1]Dettaglio pacchetti'!$B$1:$B$530, TRIM(UPPER('[1]Dettaglio pacchetti'!$E$1:$E$530))=TRIM(UPPER(G41)), "" ), 1) )), TRIM(UPPER(Applicazioni!$C$1:$C$474)), Applicazioni!$B$1:$B$474 ) ), IF(_xlpm.risultato=0, "", _xlpm.risultato) ), "" )} | E41: {=IF(TRIM($B41)="SG-ANAGRAFE", "Bugni Batte", IF(TRIM($B41)="DW01A", "Cauda", IFERROR( VLOOKUP( INDEX('[1]Dettaglio pacchetti'!$AB$1:$AB$530, _xlfn.AGGREGATE(15, 6, (ROW($1:$345))/(ISNUMBER(SEARCH('[1]Dettaglio pacchetti'!$AB$1:$AB$530, $C41))), 1) ) & "*", '[1]Dettaglio pacchetti'!$A$1:$I$530, 3, FALSE ), IFERROR(VLOOKUP($C41, '[1]Dettaglio pacchetti'!$A$1:$I$530, 3, FALSE), "") ) ) )} | F41: {=IF(TRIM($B41)="DW01A", "ETL - EDW Estrattori", IFERROR( VLOOKUP( INDEX('[1]Dettaglio pacchetti'!$AB$1:$AB$530, _xlfn.AGGREGATE(15, 6, (ROW($1:$345))/(ISNUMBER(SEARCH('[1]Dettaglio pacchetti'!$AB$1:$AB$530, $C41))), 1) ) & "*", '[1]Dettaglio pacchetti'!$A$1:$I$530, 4, FALSE ), IFERROR(VLOOKUP($C41, '[1]Dettaglio pacchetti'!$A$1:$I$530, 4, FALSE), "") ) )} | G41: {=IF(TRIM($B41)="DW01A", "ETL - EDW Estrattori", IF(TRIM($B41)="SG-ANAGRAFE", "SIGEA Anagrafe", IFERROR( VLOOKUP( INDEX('[1]Dettaglio pacchetti'!$AB$1:$AB$530, _xlfn.AGGREGATE(15, 6, (ROW($1:$345))/(ISNUMBER(SEARCH('[1]Dettaglio pacchetti'!$AB$1:$AB$530, $C41))), 1) ) & "*", '[1]Dettaglio pacchetti'!$A$1:$I$530, 5, FALSE ), IFERROR(VLOOKUP($C41, '[1]Dettaglio pacchetti'!$A$1:$I$530, 5, FALSE), "") ) ) )} | J41: =IF($AC41="", "", IF(ISNUMBER(SEARCH("Ikan", $AD41)), "", HYPERLINK("https://dev.azure.com/realeitesorg/" & $AC41, $AC41) ) ) | K41: =IF($AC41="", "", IF(ISNUMBER(SEARCH("Ikan", $AD41)), $AC41, "" ) ) | L41: {=IFERROR( VLOOKUP( INDEX('[1]Dettaglio pacchetti'!$AB$1:$AB$530, _xlfn.AGGREGATE(15, 6, ROW($1:$345)/(ISNUMBER(SEARCH('[1]Dettaglio pacchetti'!$AB$1:$AB$530, $C41))), 1) ) & "*", '[1]Dettaglio pacchetti'!$A$1:$I$530, 8, FALSE ), IFERROR(VLOOKUP($C41, '[1]Dettaglio pacchetti'!$A$1:$I$530, 8, FALSE), "") )} | M41: {=IFERROR( VLOOKUP( INDEX('[1]Dettaglio pacchetti'!$AB$1:$AB$530, _xlfn.AGGREGATE(15, 6, ROW($1:$345)/(ISNUMBER(SEARCH('[1]Dettaglio pacchetti'!$AB$1:$AB$530, $C41))), 1) ) & "*", '[1]Dettaglio pacchetti'!$A$1:$I$530, 9, FALSE ), IFERROR(VLOOKUP($C41, '[1]Dettaglio pacchetti'!$A$1:$I$530, 9, FALSE), "") )} | O41: OK | P41: OK | AA41: {=IFERROR(VLOOKUP(INDEX('[1]Dettaglio pacchetti'!$AB$1:$AB$530, _xlfn.AGGREGATE(15, 6, (ROW($1:$345))/(ISNUMBER(SEARCH('[1]Dettaglio pacchetti'!$AB$1:$AB$530, $C41))), 1)) & "*", '[1]Dettaglio pacchetti'!$A$1:$N$530, 13, FALSE) & "", "")} | AB41: {=IF(ISNUMBER(SEARCH("dev.azure.com", AA41)), IFERROR(VLOOKUP(INDEX('[1]Dettaglio pacchetti'!$AB$1:$AB$530, _xlfn.AGGREGATE(15, 6, (ROW($1:$345))/(ISNUMBER(SEARCH('[1]Dettaglio pacchetti'!$AB$1:$AB$530, $C41))), 1)) & "*", '[1]Dettaglio pacchetti'!$A$1:$N$530, 1, FALSE) & "", ""), "")} | AC41: {=IFERROR( VLOOKUP( INDEX('[1]Dettaglio pacchetti'!$AB$1:$AB$530, _xlfn.AGGREGATE(15,6,ROW($1:$345)/(ISNUMBER(SEARCH('[1]Dettaglio pacchetti'!$AB$1:$AB$530,$C41))),1)) & "*", '[1]Dettaglio pacchetti'!$A$1:$I$530, 7, FALSE ), IFERROR(VLOOKUP($C41, '[1]Dettaglio pacchetti'!$A$1:$I$530, 7, FALSE), "") )} | AD41: {=IFERROR( VLOOKUP( INDEX('[1]Dettaglio pacchetti'!$AB$1:$AB$530, _xlfn.AGGREGATE(15,6,ROW($1:$345)/(ISNUMBER(SEARCH('[1]Dettaglio pacchetti'!$AB$1:$AB$530,$C41))),1)) & "*", '[1]Dettaglio pacchetti'!$A$1:$I$530, 6, FALSE ), IFERROR(VLOOKUP($C41, '[1]Dettaglio pacchetti'!$A$1:$I$530, 6, FALSE), "") )}
D42: {=IFERROR( _xlfn.LET( _xlpm.risultato, IFERROR( _xlfn.XLOOKUP(TRIM(UPPER(G42)), TRIM(UPPER(Applicazioni!$C$1:$C$474)), Applicazioni!$B$1:$B$474 ), _xlfn.XLOOKUP( TRIM(UPPER( INDEX( _xlfn._xlws.FILTER('[1]Dettaglio pacchetti'!$B$1:$B$530, TRIM(UPPER('[1]Dettaglio pacchetti'!$E$1:$E$530))=TRIM(UPPER(G42)), "" ), 1) )), TRIM(UPPER(Applicazioni!$C$1:$C$474)), Applicazioni!$B$1:$B$474 ) ), IF(_xlpm.risultato=0, "", _xlpm.risultato) ), "" )} | E42: {=IF(TRIM($B42)="SG-ANAGRAFE", "Bugni Batte", IF(TRIM($B42)="DW01A", "Cauda", IFERROR( VLOOKUP( INDEX('[1]Dettaglio pacchetti'!$AB$1:$AB$530, _xlfn.AGGREGATE(15, 6, (ROW($1:$345))/(ISNUMBER(SEARCH('[1]Dettaglio pacchetti'!$AB$1:$AB$530, $C42))), 1) ) & "*", '[1]Dettaglio pacchetti'!$A$1:$I$530, 3, FALSE ), IFERROR(VLOOKUP($C42, '[1]Dettaglio pacchetti'!$A$1:$I$530, 3, FALSE), "") ) ) )} | F42: {=IF(TRIM($B42)="DW01A", "ETL - EDW Estrattori", IFERROR( VLOOKUP( INDEX('[1]Dettaglio pacchetti'!$AB$1:$AB$530, _xlfn.AGGREGATE(15, 6, (ROW($1:$345))/(ISNUMBER(SEARCH('[1]Dettaglio pacchetti'!$AB$1:$AB$530, $C42))), 1) ) & "*", '[1]Dettaglio pacchetti'!$A$1:$I$530, 4, FALSE ), IFERROR(VLOOKUP($C42, '[1]Dettaglio pacchetti'!$A$1:$I$530, 4, FALSE), "") ) )} | G42: {=IF(TRIM($B42)="DW01A", "ETL - EDW Estrattori", IF(TRIM($B42)="SG-ANAGRAFE", "SIGEA Anagrafe", IFERROR( VLOOKUP( INDEX('[1]Dettaglio pacchetti'!$AB$1:$AB$530, _xlfn.AGGREGATE(15, 6, (ROW($1:$345))/(ISNUMBER(SEARCH('[1]Dettaglio pacchetti'!$AB$1:$AB$530, $C42))), 1) ) & "*", '[1]Dettaglio pacchetti'!$A$1:$I$530, 5, FALSE ), IFERROR(VLOOKUP($C42, '[1]Dettaglio pacchetti'!$A$1:$I$530, 5, FALSE), "") ) ) )} | J42: =IF($AC42="", "", IF(ISNUMBER(SEARCH("Ikan", $AD42)), "", HYPERLINK("https://dev.azure.com/realeitesorg/" & $AC42, $AC42) ) ) | K42: =IF($AC42="", "", IF(ISNUMBER(SEARCH("Ikan", $AD42)), $AC42, "" ) ) | L42: {=IFERROR( VLOOKUP( INDEX('[1]Dettaglio pacchetti'!$AB$1:$AB$530, _xlfn.AGGREGATE(15, 6, ROW($1:$345)/(ISNUMBER(SEARCH('[1]Dettaglio pacchetti'!$AB$1:$AB$530, $C42))), 1) ) & "*", '[1]Dettaglio pacchetti'!$A$1:$I$530, 8, FALSE ), IFERROR(VLOOKUP($C42, '[1]Dettaglio pacchetti'!$A$1:$I$530, 8, FALSE), "") )} | M42: {=IFERROR( VLOOKUP( INDEX('[1]Dettaglio pacchetti'!$AB$1:$AB$530, _xlfn.AGGREGATE(15, 6, ROW($1:$345)/(ISNUMBER(SEARCH('[1]Dettaglio pacchetti'!$AB$1:$AB$530, $C42))), 1) ) & "*", '[1]Dettaglio pacchetti'!$A$1:$I$530, 9, FALSE ), IFERROR(VLOOKUP($C42, '[1]Dettaglio pacchetti'!$A$1:$I$530, 9, FALSE), "") )} | O42: OK | P42: OK | AA42: {=IFERROR(VLOOKUP(INDEX('[1]Dettaglio pacchetti'!$AB$1:$AB$530, _xlfn.AGGREGATE(15, 6, (ROW($1:$345))/(ISNUMBER(SEARCH('[1]Dettaglio pacchetti'!$AB$1:$AB$530, $C42))), 1)) & "*", '[1]Dettaglio pacchetti'!$A$1:$N$530, 13, FALSE) & "", "")} | AB42: {=IF(ISNUMBER(SEARCH("dev.azure.com", AA42)), IFERROR(VLOOKUP(INDEX('[1]Dettaglio pacchetti'!$AB$1:$AB$530, _xlfn.AGGREGATE(15, 6, (ROW($1:$345))/(ISNUMBER(SEARCH('[1]Dettaglio pacchetti'!$AB$1:$AB$530, $C42))), 1)) & "*", '[1]Dettaglio pacchetti'!$A$1:$N$530, 1, FALSE) & "", ""), "")} | AC42: {=IFERROR( VLOOKUP( INDEX('[1]Dettaglio pacchetti'!$AB$1:$AB$530, _xlfn.AGGREGATE(15,6,ROW($1:$345)/(ISNUMBER(SEARCH('[1]Dettaglio pacchetti'!$AB$1:$AB$530,$C42))),1)) & "*", '[1]Dettaglio pacchetti'!$A$1:$I$530, 7, FALSE ), IFERROR(VLOOKUP($C42, '[1]Dettaglio pacchetti'!$A$1:$I$530, 7, FALSE), "") )} | AD42: {=IFERROR( VLOOKUP( INDEX('[1]Dettaglio pacchetti'!$AB$1:$AB$530, _xlfn.AGGREGATE(15,6,ROW($1:$345)/(ISNUMBER(SEARCH('[1]Dettaglio pacchetti'!$AB$1:$AB$530,$C42))),1)) & "*", '[1]Dettaglio pacchetti'!$A$1:$I$530, 6, FALSE ), IFERROR(VLOOKUP($C42, '[1]Dettaglio pacchetti'!$A$1:$I$530, 6, FALSE), "") )}
C43: SS01OTX-COR-24943 | D43: {=IFERROR( _xlfn.LET( _xlpm.risultato, IFERROR( _xlfn.XLOOKUP(TRIM(UPPER(G43)), TRIM(UPPER(Applicazioni!$C$1:$C$474)), Applicazioni!$B$1:$B$474 ), _xlfn.XLOOKUP( TRIM(UPPER( INDEX( _xlfn._xlws.FILTER('[1]Dettaglio pacchetti'!$B$1:$B$530, TRIM(UPPER('[1]Dettaglio pacchetti'!$E$1:$E$530))=TRIM(UPPER(G43)), "" ), 1) )), TRIM(UPPER(Applicazioni!$C$1:$C$474)), Applicazioni!$B$1:$B$474 ) ), IF(_xlpm.risultato=0, "", _xlpm.risultato) ), "" )} -> C20260821_0008 | E43: {=IF(TRIM($B43)="SG-ANAGRAFE", "Bugni Batte", IF(TRIM($B43)="DW01A", "Cauda", IFERROR( VLOOKUP( INDEX('[1]Dettaglio pacchetti'!$AB$1:$AB$530, _xlfn.AGGREGATE(15, 6, (ROW($1:$345))/(ISNUMBER(SEARCH('[1]Dettaglio pacchetti'!$AB$1:$AB$530, $C43))), 1) ) & "*", '[1]Dettaglio pacchetti'!$A$1:$I$530, 3, FALSE ), IFERROR(VLOOKUP($C43, '[1]Dettaglio pacchetti'!$A$1:$I$530, 3, FALSE), "") ) ) )} -> Treno Sinistri | F43: {=IF(TRIM($B43)="DW01A", "ETL - EDW Estrattori", IFERROR( VLOOKUP( INDEX('[1]Dettaglio pacchetti'!$AB$1:$AB$530, _xlfn.AGGREGATE(15, 6, (ROW($1:$345))/(ISNUMBER(SEARCH('[1]Dettaglio pacchetti'!$AB$1:$AB$530, $C43))), 1) ) & "*", '[1]Dettaglio pacchetti'!$A$1:$I$530, 4, FALSE ), IFERROR(VLOOKUP($C43, '[1]Dettaglio pacchetti'!$A$1:$I$530, 4, FALSE), "") ) )} -> Rilascio tuxedo Sigea Sinistri SS01OTX | G43: {=IF(TRIM($B43)="DW01A", "ETL - EDW Estrattori", IF(TRIM($B43)="SG-ANAGRAFE", "SIGEA Anagrafe", IFERROR( VLOOKUP( INDEX('[1]Dettaglio pacchetti'!$AB$1:$AB$530, _xlfn.AGGREGATE(15, 6, (ROW($1:$345))/(ISNUMBER(SEARCH('[1]Dettaglio pacchetti'!$AB$1:$AB$530, $C43))), 1) ) & "*", '[1]Dettaglio pacchetti'!$A$1:$I$530, 5, FALSE ), IFERROR(VLOOKUP($C43, '[1]Dettaglio pacchetti'!$A$1:$I$530, 5, FALSE), "") ) ) )} -> SIGEA Sinistri | H43: {=IFERROR( VLOOKUP( INDEX('[1]Dettaglio pacchetti'!$AB$1:$AB$530, _xlfn.AGGREGATE(15, 6, (ROW($1:$345))/(ISNUMBER(SEARCH('[1]Dettaglio pacchetti'!$AB$1:$AB$530, $C43))), 1) ) & "*", '[1]Dettaglio pacchetti'!$A$1:$I$530, 6, FALSE ), IFERROR(VLOOKUP($C43, '[1]Dettaglio pacchetti'!$A$1:$I$530, 6, FALSE), "") )} -> Ikan Alm | I43: =IF(OR(AA43="", AB43=""), "", HYPERLINK(AA43, AB43)) | J43: =IF($AC43="", "", IF(ISNUMBER(SEARCH("Ikan", $AD43)), "", HYPERLINK("https://dev.azure.com/realeitesorg/" & $AC43, $AC43) ) ) | K43: =IF($AC43="", "", IF(ISNUMBER(SEARCH("Ikan", $AD43)), $AC43, "" ) ) -> SS01OTXB_correttiva-R01 | L43: {=IFERROR( VLOOKUP( INDEX('[1]Dettaglio pacchetti'!$AB$1:$AB$530, _xlfn.AGGREGATE(15, 6, ROW($1:$345)/(ISNUMBER(SEARCH('[1]Dettaglio pacchetti'!$AB$1:$AB$530, $C43))), 1) ) & "*", '[1]Dettaglio pacchetti'!$A$1:$I$530, 8, FALSE ), IFERROR(VLOOKUP($C43, '[1]Dettaglio pacchetti'!$A$1:$I$530, 8, FALSE), "") )} -> 23.00 | M43: {=IFERROR( VLOOKUP( INDEX('[1]Dettaglio pacchetti'!$AB$1:$AB$530, _xlfn.AGGREGATE(15, 6, ROW($1:$345)/(ISNUMBER(SEARCH('[1]Dettaglio pacchetti'!$AB$1:$AB$530, $C43))), 1) ) & "*", '[1]Dettaglio pacchetti'!$A$1:$I$530, 9, FALSE ), IFERROR(VLOOKUP($C43, '[1]Dettaglio pacchetti'!$A$1:$I$530, 9, FALSE), "") )} -> tuxedo | O43: OK | P43: OK | AA43: {=IFERROR(VLOOKUP(INDEX('[1]Dettaglio pacchetti'!$AB$1:$AB$530, _xlfn.AGGREGATE(15, 6, (ROW($1:$345))/(ISNUMBER(SEARCH('[1]Dettaglio pacchetti'!$AB$1:$AB$530, $C43))), 1)) & "*", '[1]Dettaglio pacchetti'!$A$1:$N$530, 13, FALSE) & "", "")} | AB43: {=IF(ISNUMBER(SEARCH("dev.azure.com", AA43)), IFERROR(VLOOKUP(INDEX('[1]Dettaglio pacchetti'!$AB$1:$AB$530, _xlfn.AGGREGATE(15, 6, (ROW($1:$345))/(ISNUMBER(SEARCH('[1]Dettaglio pacchetti'!$AB$1:$AB$530, $C43))), 1)) & "*", '[1]Dettaglio pacchetti'!$A$1:$N$530, 1, FALSE) & "", ""), "")} | AC43: {=IFERROR( VLOOKUP( INDEX('[1]Dettaglio pacchetti'!$AB$1:$AB$530, _xlfn.AGGREGATE(15,6,ROW($1:$345)/(ISNUMBER(SEARCH('[1]Dettaglio pacchetti'!$AB$1:$AB$530,$C43))),1)) & "*", '[1]Dettaglio pacchetti'!$A$1:$I$530, 7, FALSE ), IFERROR(VLOOKUP($C43, '[1]Dettaglio pacchetti'!$A$1:$I$530, 7, FALSE), "") )} -> SS01OTXB_correttiva-R01 | AD43: {=IFERROR( VLOOKUP( INDEX('[1]Dettaglio pacchetti'!$AB$1:$AB$530, _xlfn.AGGREGATE(15,6,ROW($1:$345)/(ISNUMBER(SEARCH('[1]Dettaglio pacchetti'!$AB$1:$AB$530,$C43))),1)) & "*", '[1]Dettaglio pacchetti'!$A$1:$I$530, 6, FALSE ), IFERROR(VLOOKUP($C43, '[1]Dettaglio pacchetti'!$A$1:$I$530, 6, FALSE), "") )} -> Ikan Alm
D44: {=IFERROR( _xlfn.LET( _xlpm.risultato, IFERROR( _xlfn.XLOOKUP(TRIM(UPPER(G44)), TRIM(UPPER(Applicazioni!$C$1:$C$474)), Applicazioni!$B$1:$B$474 ), _xlfn.XLOOKUP( TRIM(UPPER( INDEX( _xlfn._xlws.FILTER('[1]Dettaglio pacchetti'!$B$1:$B$530, TRIM(UPPER('[1]Dettaglio pacchetti'!$E$1:$E$530))=TRIM(UPPER(G44)), "" ), 1) )), TRIM(UPPER(Applicazioni!$C$1:$C$474)), Applicazioni!$B$1:$B$474 ) ), IF(_xlpm.risultato=0, "", _xlpm.risultato) ), "" )} | E44: {=IF(TRIM($B44)="SG-ANAGRAFE", "Bugni Batte", IF(TRIM($B44)="DW01A", "Cauda", IFERROR( VLOOKUP( INDEX('[1]Dettaglio pacchetti'!$AB$1:$AB$530, _xlfn.AGGREGATE(15, 6, (ROW($1:$345))/(ISNUMBER(SEARCH('[1]Dettaglio pacchetti'!$AB$1:$AB$530, $C44))), 1) ) & "*", '[1]Dettaglio pacchetti'!$A$1:$I$530, 3, FALSE ), IFERROR(VLOOKUP($C44, '[1]Dettaglio pacchetti'!$A$1:$I$530, 3, FALSE), "") ) ) )} | F44: {=IF(TRIM($B44)="DW01A", "ETL - EDW Estrattori", IFERROR( VLOOKUP( INDEX('[1]Dettaglio pacchetti'!$AB$1:$AB$530, _xlfn.AGGREGATE(15, 6, (ROW($1:$345))/(ISNUMBER(SEARCH('[1]Dettaglio pacchetti'!$AB$1:$AB$530, $C44))), 1) ) & "*", '[1]Dettaglio pacchetti'!$A$1:$I$530, 4, FALSE ), IFERROR(VLOOKUP($C44, '[1]Dettaglio pacchetti'!$A$1:$I$530, 4, FALSE), "") ) )} | G44: {=IF(TRIM($B44)="DW01A", "ETL - EDW Estrattori", IF(TRIM($B44)="SG-ANAGRAFE", "SIGEA Anagrafe", IFERROR( VLOOKUP( INDEX('[1]Dettaglio pacchetti'!$AB$1:$AB$530, _xlfn.AGGREGATE(15, 6, (ROW($1:$345))/(ISNUMBER(SEARCH('[1]Dettaglio pacchetti'!$AB$1:$AB$530, $C44))), 1) ) & "*", '[1]Dettaglio pacchetti'!$A$1:$I$530, 5, FALSE ), IFERROR(VLOOKUP($C44, '[1]Dettaglio pacchetti'!$A$1:$I$530, 5, FALSE), "") ) ) )} | J44: =IF($AC44="", "", IF(ISNUMBER(SEARCH("Ikan", $AD44)), "", HYPERLINK("https://dev.azure.com/realeitesorg/" & $AC44, $AC44) ) ) | K44: =IF($AC44="", "", IF(ISNUMBER(SEARCH("Ikan", $AD44)), $AC44, "" ) ) | L44: {=IFERROR( VLOOKUP( INDEX('[1]Dettaglio pacchetti'!$AB$1:$AB$530, _xlfn.AGGREGATE(15, 6, ROW($1:$345)/(ISNUMBER(SEARCH('[1]Dettaglio pacchetti'!$AB$1:$AB$530, $C44))), 1) ) & "*", '[1]Dettaglio pacchetti'!$A$1:$I$530, 8, FALSE ), IFERROR(VLOOKUP($C44, '[1]Dettaglio pacchetti'!$A$1:$I$530, 8, FALSE), "") )} | M44: {=IFERROR( VLOOKUP( INDEX('[1]Dettaglio pacchetti'!$AB$1:$AB$530, _xlfn.AGGREGATE(15, 6, ROW($1:$345)/(ISNUMBER(SEARCH('[1]Dettaglio pacchetti'!$AB$1:$AB$530, $C44))), 1) ) & "*", '[1]Dettaglio pacchetti'!$A$1:$I$530, 9, FALSE ), IFERROR(VLOOKUP($C44, '[1]Dettaglio pacchetti'!$A$1:$I$530, 9, FALSE), "") )} | O44: OK | P44: OK | AA44: {=IFERROR(VLOOKUP(INDEX('[1]Dettaglio pacchetti'!$AB$1:$AB$530, _xlfn.AGGREGATE(15, 6, (ROW($1:$345))/(ISNUMBER(SEARCH('[1]Dettaglio pacchetti'!$AB$1:$AB$530, $C44))), 1)) & "*", '[1]Dettaglio pacchetti'!$A$1:$N$530, 13, FALSE) & "", "")} | AB44: {=IF(ISNUMBER(SEARCH("dev.azure.com", AA44)), IFERROR(VLOOKUP(INDEX('[1]Dettaglio pacchetti'!$AB$1:$AB$530, _xlfn.AGGREGATE(15, 6, (ROW($1:$345))/(ISNUMBER(SEARCH('[1]Dettaglio pacchetti'!$AB$1:$AB$530, $C44))), 1)) & "*", '[1]Dettaglio pacchetti'!$A$1:$N$530, 1, FALSE) & "", ""), "")} | AC44: {=IFERROR( VLOOKUP( INDEX('[1]Dettaglio pacchetti'!$AB$1:$AB$530, _xlfn.AGGREGATE(15,6,ROW($1:$345)/(ISNUMBER(SEARCH('[1]Dettaglio pacchetti'!$AB$1:$AB$530,$C44))),1)) & "*", '[1]Dettaglio pacchetti'!$A$1:$I$530, 7, FALSE ), IFERROR(VLOOKUP($C44, '[1]Dettaglio pacchetti'!$A$1:$I$530, 7, FALSE), "") )} | AD44: {=IFERROR( VLOOKUP( INDEX('[1]Dettaglio pacchetti'!$AB$1:$AB$530, _xlfn.AGGREGATE(15,6,ROW($1:$345)/(ISNUMBER(SEARCH('[1]Dettaglio pacchetti'!$AB$1:$AB$530,$C44))),1)) & "*", '[1]Dettaglio pacchetti'!$A$1:$I$530, 6, FALSE ), IFERROR(VLOOKUP($C44, '[1]Dettaglio pacchetti'!$A$1:$I$530, 6, FALSE), "") )}
D45: {=IFERROR( _xlfn.LET( _xlpm.risultato, IFERROR( _xlfn.XLOOKUP(TRIM(UPPER(G45)), TRIM(UPPER(Applicazioni!$C$1:$C$474)), Applicazioni!$B$1:$B$474 ), _xlfn.XLOOKUP( TRIM(UPPER( INDEX( _xlfn._xlws.FILTER('[1]Dettaglio pacchetti'!$B$1:$B$530, TRIM(UPPER('[1]Dettaglio pacchetti'!$E$1:$E$530))=TRIM(UPPER(G45)), "" ), 1) )), TRIM(UPPER(Applicazioni!$C$1:$C$474)), Applicazioni!$B$1:$B$474 ) ), IF(_xlpm.risultato=0, "", _xlpm.risultato) ), "" )} | E45: {=IF(TRIM($B45)="SG-ANAGRAFE", "Bugni Batte", IF(TRIM($B45)="DW01A", "Cauda", IFERROR( VLOOKUP( INDEX('[1]Dettaglio pacchetti'!$AB$1:$AB$530, _xlfn.AGGREGATE(15, 6, (ROW($1:$345))/(ISNUMBER(SEARCH('[1]Dettaglio pacchetti'!$AB$1:$AB$530, $C45))), 1) ) & "*", '[1]Dettaglio pacchetti'!$A$1:$I$530, 3, FALSE ), IFERROR(VLOOKUP($C45, '[1]Dettaglio pacchetti'!$A$1:$I$530, 3, FALSE), "") ) ) )} | F45: {=IF(TRIM($B45)="DW01A", "ETL - EDW Estrattori", IFERROR( VLOOKUP( INDEX('[1]Dettaglio pacchetti'!$AB$1:$AB$530, _xlfn.AGGREGATE(15, 6, (ROW($1:$345))/(ISNUMBER(SEARCH('[1]Dettaglio pacchetti'!$AB$1:$AB$530, $C45))), 1) ) & "*", '[1]Dettaglio pacchetti'!$A$1:$I$530, 4, FALSE ), IFERROR(VLOOKUP($C45, '[1]Dettaglio pacchetti'!$A$1:$I$530, 4, FALSE), "") ) )} | G45: {=IF(TRIM($B45)="DW01A", "ETL - EDW Estrattori", IF(TRIM($B45)="SG-ANAGRAFE", "SIGEA Anagrafe", IFERROR( VLOOKUP( INDEX('[1]Dettaglio pacchetti'!$AB$1:$AB$530, _xlfn.AGGREGATE(15, 6, (ROW($1:$345))/(ISNUMBER(SEARCH('[1]Dettaglio pacchetti'!$AB$1:$AB$530, $C45))), 1) ) & "*", '[1]Dettaglio pacchetti'!$A$1:$I$530, 5, FALSE ), IFERROR(VLOOKUP($C45, '[1]Dettaglio pacchetti'!$A$1:$I$530, 5, FALSE), "") ) ) )} | J45: =IF($AC45="", "", IF(ISNUMBER(SEARCH("Ikan", $AD45)), "", HYPERLINK("https://dev.azure.com/realeitesorg/" & $AC45, $AC45) ) ) | K45: =IF($AC45="", "", IF(ISNUMBER(SEARCH("Ikan", $AD45)), $AC45, "" ) ) | L45: {=IFERROR( VLOOKUP( INDEX('[1]Dettaglio pacchetti'!$AB$1:$AB$530, _xlfn.AGGREGATE(15, 6, ROW($1:$345)/(ISNUMBER(SEARCH('[1]Dettaglio pacchetti'!$AB$1:$AB$530, $C45))), 1) ) & "*", '[1]Dettaglio pacchetti'!$A$1:$I$530, 8, FALSE ), IFERROR(VLOOKUP($C45, '[1]Dettaglio pacchetti'!$A$1:$I$530, 8, FALSE), "") )} | M45: {=IFERROR( VLOOKUP( INDEX('[1]Dettaglio pacchetti'!$AB$1:$AB$530, _xlfn.AGGREGATE(15, 6, ROW($1:$345)/(ISNUMBER(SEARCH('[1]Dettaglio pacchetti'!$AB$1:$AB$530, $C45))), 1) ) & "*", '[1]Dettaglio pacchetti'!$A$1:$I$530, 9, FALSE ), IFERROR(VLOOKUP($C45, '[1]Dettaglio pacchetti'!$A$1:$I$530, 9, FALSE), "") )} | O45: OK | P45: OK | AA45: {=IFERROR(VLOOKUP(INDEX('[1]Dettaglio pacchetti'!$AB$1:$AB$530, _xlfn.AGGREGATE(15, 6, (ROW($1:$345))/(ISNUMBER(SEARCH('[1]Dettaglio pacchetti'!$AB$1:$AB$530, $C45))), 1)) & "*", '[1]Dettaglio pacchetti'!$A$1:$N$530, 13, FALSE) & "", "")} | AB45: {=IF(ISNUMBER(SEARCH("dev.azure.com", AA45)), IFERROR(VLOOKUP(INDEX('[1]Dettaglio pacchetti'!$AB$1:$AB$530, _xlfn.AGGREGATE(15, 6, (ROW($1:$345))/(ISNUMBER(SEARCH('[1]Dettaglio pacchetti'!$AB$1:$AB$530, $C45))), 1)) & "*", '[1]Dettaglio pacchetti'!$A$1:$N$530, 1, FALSE) & "", ""), "")} | AC45: {=IFERROR( VLOOKUP( INDEX('[1]Dettaglio pacchetti'!$AB$1:$AB$530, _xlfn.AGGREGATE(15,6,ROW($1:$345)/(ISNUMBER(SEARCH('[1]Dettaglio pacchetti'!$AB$1:$AB$530,$C45))),1)) & "*", '[1]Dettaglio pacchetti'!$A$1:$I$530, 7, FALSE ), IFERROR(VLOOKUP($C45, '[1]Dettaglio pacchetti'!$A$1:$I$530, 7, FALSE), "") )} | AD45: {=IFERROR( VLOOKUP( INDEX('[1]Dettaglio pacchetti'!$AB$1:$AB$530, _xlfn.AGGREGATE(15,6,ROW($1:$345)/(ISNUMBER(SEARCH('[1]Dettaglio pacchetti'!$AB$1:$AB$530,$C45))),1)) & "*", '[1]Dettaglio pacchetti'!$A$1:$I$530, 6, FALSE ), IFERROR(VLOOKUP($C45, '[1]Dettaglio pacchetti'!$A$1:$I$530, 6, FALSE), "") )}
D46: {=IFERROR( _xlfn.LET( _xlpm.risultato, IFERROR( _xlfn.XLOOKUP(TRIM(UPPER(G46)), TRIM(UPPER(Applicazioni!$C$1:$C$474)), Applicazioni!$B$1:$B$474 ), _xlfn.XLOOKUP( TRIM(UPPER( INDEX( _xlfn._xlws.FILTER('[1]Dettaglio pacchetti'!$B$1:$B$530, TRIM(UPPER('[1]Dettaglio pacchetti'!$E$1:$E$530))=TRIM(UPPER(G46)), "" ), 1) )), TRIM(UPPER(Applicazioni!$C$1:$C$474)), Applicazioni!$B$1:$B$474 ) ), IF(_xlpm.risultato=0, "", _xlpm.risultato) ), "" )} | E46: {=IF(TRIM($B46)="SG-ANAGRAFE", "Bugni Batte", IF(TRIM($B46)="DW01A", "Cauda", IFERROR( VLOOKUP( INDEX('[1]Dettaglio pacchetti'!$AB$1:$AB$530, _xlfn.AGGREGATE(15, 6, (ROW($1:$345))/(ISNUMBER(SEARCH('[1]Dettaglio pacchetti'!$AB$1:$AB$530, $C46))), 1) ) & "*", '[1]Dettaglio pacchetti'!$A$1:$I$530, 3, FALSE ), IFERROR(VLOOKUP($C46, '[1]Dettaglio pacchetti'!$A$1:$I$530, 3, FALSE), "") ) ) )} | F46: {=IF(TRIM($B46)="DW01A", "ETL - EDW Estrattori", IFERROR( VLOOKUP( INDEX('[1]Dettaglio pacchetti'!$AB$1:$AB$530, _xlfn.AGGREGATE(15, 6, (ROW($1:$345))/(ISNUMBER(SEARCH('[1]Dettaglio pacchetti'!$AB$1:$AB$530, $C46))), 1) ) & "*", '[1]Dettaglio pacchetti'!$A$1:$I$530, 4, FALSE ), IFERROR(VLOOKUP($C46, '[1]Dettaglio pacchetti'!$A$1:$I$530, 4, FALSE), "") ) )} | G46: {=IF(TRIM($B46)="DW01A", "ETL - EDW Estrattori", IF(TRIM($B46)="SG-ANAGRAFE", "SIGEA Anagrafe", IFERROR( VLOOKUP( INDEX('[1]Dettaglio pacchetti'!$AB$1:$AB$530, _xlfn.AGGREGATE(15, 6, (ROW($1:$345))/(ISNUMBER(SEARCH('[1]Dettaglio pacchetti'!$AB$1:$AB$530, $C46))), 1) ) & "*", '[1]Dettaglio pacchetti'!$A$1:$I$530, 5, FALSE ), IFERROR(VLOOKUP($C46, '[1]Dettaglio pacchetti'!$A$1:$I$530, 5, FALSE), "") ) ) )} | J46: =IF($AC46="", "", IF(ISNUMBER(SEARCH("Ikan", $AD46)), "", HYPERLINK("https://dev.azure.com/realeitesorg/" & $AC46, $AC46) ) ) | K46: =IF($AC46="", "", IF(ISNUMBER(SEARCH("Ikan", $AD46)), $AC46, "" ) ) | L46: {=IFERROR( VLOOKUP( INDEX('[1]Dettaglio pacchetti'!$AB$1:$AB$530, _xlfn.AGGREGATE(15, 6, ROW($1:$345)/(ISNUMBER(SEARCH('[1]Dettaglio pacchetti'!$AB$1:$AB$530, $C46))), 1) ) & "*", '[1]Dettaglio pacchetti'!$A$1:$I$530, 8, FALSE ), IFERROR(VLOOKUP($C46, '[1]Dettaglio pacchetti'!$A$1:$I$530, 8, FALSE), "") )} | M46: {=IFERROR( VLOOKUP( INDEX('[1]Dettaglio pacchetti'!$AB$1:$AB$530, _xlfn.AGGREGATE(15, 6, ROW($1:$345)/(ISNUMBER(SEARCH('[1]Dettaglio pacchetti'!$AB$1:$AB$530, $C46))), 1) ) & "*", '[1]Dettaglio pacchetti'!$A$1:$I$530, 9, FALSE ), IFERROR(VLOOKUP($C46, '[1]Dettaglio pacchetti'!$A$1:$I$530, 9, FALSE), "") )} | O46: OK | P46: OK | AA46: {=IFERROR(VLOOKUP(INDEX('[1]Dettaglio pacchetti'!$AB$1:$AB$530, _xlfn.AGGREGATE(15, 6, (ROW($1:$345))/(ISNUMBER(SEARCH('[1]Dettaglio pacchetti'!$AB$1:$AB$530, $C46))), 1)) & "*", '[1]Dettaglio pacchetti'!$A$1:$N$530, 13, FALSE) & "", "")} | AB46: {=IF(ISNUMBER(SEARCH("dev.azure.com", AA46)), IFERROR(VLOOKUP(INDEX('[1]Dettaglio pacchetti'!$AB$1:$AB$530, _xlfn.AGGREGATE(15, 6, (ROW($1:$345))/(ISNUMBER(SEARCH('[1]Dettaglio pacchetti'!$AB$1:$AB$530, $C46))), 1)) & "*", '[1]Dettaglio pacchetti'!$A$1:$N$530, 1, FALSE) & "", ""), "")} | AC46: {=IFERROR( VLOOKUP( INDEX('[1]Dettaglio pacchetti'!$AB$1:$AB$530, _xlfn.AGGREGATE(15,6,ROW($1:$345)/(ISNUMBER(SEARCH('[1]Dettaglio pacchetti'!$AB$1:$AB$530,$C46))),1)) & "*", '[1]Dettaglio pacchetti'!$A$1:$I$530, 7, FALSE ), IFERROR(VLOOKUP($C46, '[1]Dettaglio pacchetti'!$A$1:$I$530, 7, FALSE), "") )} | AD46: {=IFERROR( VLOOKUP( INDEX('[1]Dettaglio pacchetti'!$AB$1:$AB$530, _xlfn.AGGREGATE(15,6,ROW($1:$345)/(ISNUMBER(SEARCH('[1]Dettaglio pacchetti'!$AB$1:$AB$530,$C46))),1)) & "*", '[1]Dettaglio pacchetti'!$A$1:$I$530, 6, FALSE ), IFERROR(VLOOKUP($C46, '[1]Dettaglio pacchetti'!$A$1:$I$530, 6, FALSE), "") )}
D47: {=IFERROR( _xlfn.LET( _xlpm.risultato, IFERROR( _xlfn.XLOOKUP(TRIM(UPPER(G47)), TRIM(UPPER(Applicazioni!$C$1:$C$474)), Applicazioni!$B$1:$B$474 ), _xlfn.XLOOKUP( TRIM(UPPER( INDEX( _xlfn._xlws.FILTER('[1]Dettaglio pacchetti'!$B$1:$B$530, TRIM(UPPER('[1]Dettaglio pacchetti'!$E$1:$E$530))=TRIM(UPPER(G47)), "" ), 1) )), TRIM(UPPER(Applicazioni!$C$1:$C$474)), Applicazioni!$B$1:$B$474 ) ), IF(_xlpm.risultato=0, "", _xlpm.risultato) ), "" )} | E47: {=IF(TRIM($B47)="SG-ANAGRAFE", "Bugni Batte", IF(TRIM($B47)="DW01A", "Cauda", IFERROR( VLOOKUP( INDEX('[1]Dettaglio pacchetti'!$AB$1:$AB$530, _xlfn.AGGREGATE(15, 6, (ROW($1:$345))/(ISNUMBER(SEARCH('[1]Dettaglio pacchetti'!$AB$1:$AB$530, $C47))), 1) ) & "*", '[1]Dettaglio pacchetti'!$A$1:$I$530, 3, FALSE ), IFERROR(VLOOKUP($C47, '[1]Dettaglio pacchetti'!$A$1:$I$530, 3, FALSE), "") ) ) )} | F47: {=IF(TRIM($B47)="DW01A", "ETL - EDW Estrattori", IFERROR( VLOOKUP( INDEX('[1]Dettaglio pacchetti'!$AB$1:$AB$530, _xlfn.AGGREGATE(15, 6, (ROW($1:$345))/(ISNUMBER(SEARCH('[1]Dettaglio pacchetti'!$AB$1:$AB$530, $C47))), 1) ) & "*", '[1]Dettaglio pacchetti'!$A$1:$I$530, 4, FALSE ), IFERROR(VLOOKUP($C47, '[1]Dettaglio pacchetti'!$A$1:$I$530, 4, FALSE), "") ) )} | G47: {=IF(TRIM($B47)="DW01A", "ETL - EDW Estrattori", IF(TRIM($B47)="SG-ANAGRAFE", "SIGEA Anagrafe", IFERROR( VLOOKUP( INDEX('[1]Dettaglio pacchetti'!$AB$1:$AB$530, _xlfn.AGGREGATE(15, 6, (ROW($1:$345))/(ISNUMBER(SEARCH('[1]Dettaglio pacchetti'!$AB$1:$AB$530, $C47))), 1) ) & "*", '[1]Dettaglio pacchetti'!$A$1:$I$530, 5, FALSE ), IFERROR(VLOOKUP($C47, '[1]Dettaglio pacchetti'!$A$1:$I$530, 5, FALSE), "") ) ) )} | J47: =IF($AC47="", "", IF(ISNUMBER(SEARCH("Ikan", $AD47)), "", HYPERLINK("https://dev.azure.com/realeitesorg/" & $AC47, $AC47) ) ) | K47: =IF($AC47="", "", IF(ISNUMBER(SEARCH("Ikan", $AD47)), $AC47, "" ) ) | L47: {=IFERROR( VLOOKUP( INDEX('[1]Dettaglio pacchetti'!$AB$1:$AB$530, _xlfn.AGGREGATE(15, 6, ROW($1:$345)/(ISNUMBER(SEARCH('[1]Dettaglio pacchetti'!$AB$1:$AB$530, $C47))), 1) ) & "*", '[1]Dettaglio pacchetti'!$A$1:$I$530, 8, FALSE ), IFERROR(VLOOKUP($C47, '[1]Dettaglio pacchetti'!$A$1:$I$530, 8, FALSE), "") )} | M47: {=IFERROR( VLOOKUP( INDEX('[1]Dettaglio pacchetti'!$AB$1:$AB$530, _xlfn.AGGREGATE(15, 6, ROW($1:$345)/(ISNUMBER(SEARCH('[1]Dettaglio pacchetti'!$AB$1:$AB$530, $C47))), 1) ) & "*", '[1]Dettaglio pacchetti'!$A$1:$I$530, 9, FALSE ), IFERROR(VLOOKUP($C47, '[1]Dettaglio pacchetti'!$A$1:$I$530, 9, FALSE), "") )} | O47: OK | P47: OK | AA47: {=IFERROR(VLOOKUP(INDEX('[1]Dettaglio pacchetti'!$AB$1:$AB$530, _xlfn.AGGREGATE(15, 6, (ROW($1:$345))/(ISNUMBER(SEARCH('[1]Dettaglio pacchetti'!$AB$1:$AB$530, $C47))), 1)) & "*", '[1]Dettaglio pacchetti'!$A$1:$N$530, 13, FALSE) & "", "")} | AB47: {=IF(ISNUMBER(SEARCH("dev.azure.com", AA47)), IFERROR(VLOOKUP(INDEX('[1]Dettaglio pacchetti'!$AB$1:$AB$530, _xlfn.AGGREGATE(15, 6, (ROW($1:$345))/(ISNUMBER(SEARCH('[1]Dettaglio pacchetti'!$AB$1:$AB$530, $C47))), 1)) & "*", '[1]Dettaglio pacchetti'!$A$1:$N$530, 1, FALSE) & "", ""), "")} | AC47: {=IFERROR( VLOOKUP( INDEX('[1]Dettaglio pacchetti'!$AB$1:$AB$530, _xlfn.AGGREGATE(15,6,ROW($1:$345)/(ISNUMBER(SEARCH('[1]Dettaglio pacchetti'!$AB$1:$AB$530,$C47))),1)) & "*", '[1]Dettaglio pacchetti'!$A$1:$I$530, 7, FALSE ), IFERROR(VLOOKUP($C47, '[1]Dettaglio pacchetti'!$A$1:$I$530, 7, FALSE), "") )} | AD47: {=IFERROR( VLOOKUP( INDEX('[1]Dettaglio pacchetti'!$AB$1:$AB$530, _xlfn.AGGREGATE(15,6,ROW($1:$345)/(ISNUMBER(SEARCH('[1]Dettaglio pacchetti'!$AB$1:$AB$530,$C47))),1)) & "*", '[1]Dettaglio pacchetti'!$A$1:$I$530, 6, FALSE ), IFERROR(VLOOKUP($C47, '[1]Dettaglio pacchetti'!$A$1:$I$530, 6, FALSE), "") )}
D48: {=IFERROR( _xlfn.LET( _xlpm.risultato, IFERROR( _xlfn.XLOOKUP(TRIM(UPPER(G48)), TRIM(UPPER(Applicazioni!$C$1:$C$474)), Applicazioni!$B$1:$B$474 ), _xlfn.XLOOKUP( TRIM(UPPER( INDEX( _xlfn._xlws.FILTER('[1]Dettaglio pacchetti'!$B$1:$B$530, TRIM(UPPER('[1]Dettaglio pacchetti'!$E$1:$E$530))=TRIM(UPPER(G48)), "" ), 1) )), TRIM(UPPER(Applicazioni!$C$1:$C$474)), Applicazioni!$B$1:$B$474 ) ), IF(_xlpm.risultato=0, "", _xlpm.risultato) ), "" )} | E48: {=IF(TRIM($B48)="SG-ANAGRAFE", "Bugni Batte", IF(TRIM($B48)="DW01A", "Cauda", IFERROR( VLOOKUP( INDEX('[1]Dettaglio pacchetti'!$AB$1:$AB$530, _xlfn.AGGREGATE(15, 6, (ROW($1:$345))/(ISNUMBER(SEARCH('[1]Dettaglio pacchetti'!$AB$1:$AB$530, $C48))), 1) ) & "*", '[1]Dettaglio pacchetti'!$A$1:$I$530, 3, FALSE ), IFERROR(VLOOKUP($C48, '[1]Dettaglio pacchetti'!$A$1:$I$530, 3, FALSE), "") ) ) )} | F48: {=IF(TRIM($B48)="DW01A", "ETL - EDW Estrattori", IFERROR( VLOOKUP( INDEX('[1]Dettaglio pacchetti'!$AB$1:$AB$530, _xlfn.AGGREGATE(15, 6, (ROW($1:$345))/(ISNUMBER(SEARCH('[1]Dettaglio pacchetti'!$AB$1:$AB$530, $C48))), 1) ) & "*", '[1]Dettaglio pacchetti'!$A$1:$I$530, 4, FALSE ), IFERROR(VLOOKUP($C48, '[1]Dettaglio pacchetti'!$A$1:$I$530, 4, FALSE), "") ) )} | G48: {=IF(TRIM($B48)="DW01A", "ETL - EDW Estrattori", IF(TRIM($B48)="SG-ANAGRAFE", "SIGEA Anagrafe", IFERROR( VLOOKUP( INDEX('[1]Dettaglio pacchetti'!$AB$1:$AB$530, _xlfn.AGGREGATE(15, 6, (ROW($1:$345))/(ISNUMBER(SEARCH('[1]Dettaglio pacchetti'!$AB$1:$AB$530, $C48))), 1) ) & "*", '[1]Dettaglio pacchetti'!$A$1:$I$530, 5, FALSE ), IFERROR(VLOOKUP($C48, '[1]Dettaglio pacchetti'!$A$1:$I$530, 5, FALSE), "") ) ) )} | J48: =IF($AC48="", "", IF(ISNUMBER(SEARCH("Ikan", $AD48)), "", HYPERLINK("https://dev.azure.com/realeitesorg/" & $AC48, $AC48) ) ) | K48: =IF($AC48="", "", IF(ISNUMBER(SEARCH("Ikan", $AD48)), $AC48, "" ) ) | L48: {=IFERROR( VLOOKUP( INDEX('[1]Dettaglio pacchetti'!$AB$1:$AB$530, _xlfn.AGGREGATE(15, 6, ROW($1:$345)/(ISNUMBER(SEARCH('[1]Dettaglio pacchetti'!$AB$1:$AB$530, $C48))), 1) ) & "*", '[1]Dettaglio pacchetti'!$A$1:$I$530, 8, FALSE ), IFERROR(VLOOKUP($C48, '[1]Dettaglio pacchetti'!$A$1:$I$530, 8, FALSE), "") )} | M48: {=IFERROR( VLOOKUP( INDEX('[1]Dettaglio pacchetti'!$AB$1:$AB$530, _xlfn.AGGREGATE(15, 6, ROW($1:$345)/(ISNUMBER(SEARCH('[1]Dettaglio pacchetti'!$AB$1:$AB$530, $C48))), 1) ) & "*", '[1]Dettaglio pacchetti'!$A$1:$I$530, 9, FALSE ), IFERROR(VLOOKUP($C48, '[1]Dettaglio pacchetti'!$A$1:$I$530, 9, FALSE), "") )} | O48: OK | P48: OK | AA48: {=IFERROR(VLOOKUP(INDEX('[1]Dettaglio pacchetti'!$AB$1:$AB$530, _xlfn.AGGREGATE(15, 6, (ROW($1:$345))/(ISNUMBER(SEARCH('[1]Dettaglio pacchetti'!$AB$1:$AB$530, $C48))), 1)) & "*", '[1]Dettaglio pacchetti'!$A$1:$N$530, 13, FALSE) & "", "")} | AB48: {=IF(ISNUMBER(SEARCH("dev.azure.com", AA48)), IFERROR(VLOOKUP(INDEX('[1]Dettaglio pacchetti'!$AB$1:$AB$530, _xlfn.AGGREGATE(15, 6, (ROW($1:$345))/(ISNUMBER(SEARCH('[1]Dettaglio pacchetti'!$AB$1:$AB$530, $C48))), 1)) & "*", '[1]Dettaglio pacchetti'!$A$1:$N$530, 1, FALSE) & "", ""), "")} | AC48: {=IFERROR( VLOOKUP( INDEX('[1]Dettaglio pacchetti'!$AB$1:$AB$530, _xlfn.AGGREGATE(15,6,ROW($1:$345)/(ISNUMBER(SEARCH('[1]Dettaglio pacchetti'!$AB$1:$AB$530,$C48))),1)) & "*", '[1]Dettaglio pacchetti'!$A$1:$I$530, 7, FALSE ), IFERROR(VLOOKUP($C48, '[1]Dettaglio pacchetti'!$A$1:$I$530, 7, FALSE), "") )} | AD48: {=IFERROR( VLOOKUP( INDEX('[1]Dettaglio pacchetti'!$AB$1:$AB$530, _xlfn.AGGREGATE(15,6,ROW($1:$345)/(ISNUMBER(SEARCH('[1]Dettaglio pacchetti'!$AB$1:$AB$530,$C48))),1)) & "*", '[1]Dettaglio pacchetti'!$A$1:$I$530, 6, FALSE ), IFERROR(VLOOKUP($C48, '[1]Dettaglio pacchetti'!$A$1:$I$530, 6, FALSE), "") )}
D49: {=IFERROR( _xlfn.LET( _xlpm.risultato, IFERROR( _xlfn.XLOOKUP(TRIM(UPPER(G49)), TRIM(UPPER(Applicazioni!$C$1:$C$474)), Applicazioni!$B$1:$B$474 ), _xlfn.XLOOKUP( TRIM(UPPER( INDEX( _xlfn._xlws.FILTER('[1]Dettaglio pacchetti'!$B$1:$B$530, TRIM(UPPER('[1]Dettaglio pacchetti'!$E$1:$E$530))=TRIM(UPPER(G49)), "" ), 1) )), TRIM(UPPER(Applicazioni!$C$1:$C$474)), Applicazioni!$B$1:$B$474 ) ), IF(_xlpm.risultato=0, "", _xlpm.risultato) ), "" )} | E49: {=IF(TRIM($B49)="SG-ANAGRAFE", "Bugni Batte", IF(TRIM($B49)="DW01A", "Cauda", IFERROR( VLOOKUP( INDEX('[1]Dettaglio pacchetti'!$AB$1:$AB$530, _xlfn.AGGREGATE(15, 6, (ROW($1:$345))/(ISNUMBER(SEARCH('[1]Dettaglio pacchetti'!$AB$1:$AB$530, $C49))), 1) ) & "*", '[1]Dettaglio pacchetti'!$A$1:$I$530, 3, FALSE ), IFERROR(VLOOKUP($C49, '[1]Dettaglio pacchetti'!$A$1:$I$530, 3, FALSE), "") ) ) )} | F49: {=IF(TRIM($B49)="DW01A", "ETL - EDW Estrattori", IFERROR( VLOOKUP( INDEX('[1]Dettaglio pacchetti'!$AB$1:$AB$530, _xlfn.AGGREGATE(15, 6, (ROW($1:$345))/(ISNUMBER(SEARCH('[1]Dettaglio pacchetti'!$AB$1:$AB$530, $C49))), 1) ) & "*", '[1]Dettaglio pacchetti'!$A$1:$I$530, 4, FALSE ), IFERROR(VLOOKUP($C49, '[1]Dettaglio pacchetti'!$A$1:$I$530, 4, FALSE), "") ) )} | G49: {=IF(TRIM($B49)="DW01A", "ETL - EDW Estrattori", IF(TRIM($B49)="SG-ANAGRAFE", "SIGEA Anagrafe", IFERROR( VLOOKUP( INDEX('[1]Dettaglio pacchetti'!$AB$1:$AB$530, _xlfn.AGGREGATE(15, 6, (ROW($1:$345))/(ISNUMBER(SEARCH('[1]Dettaglio pacchetti'!$AB$1:$AB$530, $C49))), 1) ) & "*", '[1]Dettaglio pacchetti'!$A$1:$I$530, 5, FALSE ), IFERROR(VLOOKUP($C49, '[1]Dettaglio pacchetti'!$A$1:$I$530, 5, FALSE), "") ) ) )} | J49: =IF($AC49="", "", IF(ISNUMBER(SEARCH("Ikan", $AD49)), "", HYPERLINK("https://dev.azure.com/realeitesorg/" & $AC49, $AC49) ) ) | K49: =IF($AC49="", "", IF(ISNUMBER(SEARCH("Ikan", $AD49)), $AC49, "" ) ) | L49: {=IFERROR( VLOOKUP( INDEX('[1]Dettaglio pacchetti'!$AB$1:$AB$530, _xlfn.AGGREGATE(15, 6, ROW($1:$345)/(ISNUMBER(SEARCH('[1]Dettaglio pacchetti'!$AB$1:$AB$530, $C49))), 1) ) & "*", '[1]Dettaglio pacchetti'!$A$1:$I$530, 8, FALSE ), IFERROR(VLOOKUP($C49, '[1]Dettaglio pacchetti'!$A$1:$I$530, 8, FALSE), "") )} | M49: {=IFERROR( VLOOKUP( INDEX('[1]Dettaglio pacchetti'!$AB$1:$AB$530, _xlfn.AGGREGATE(15, 6, ROW($1:$345)/(ISNUMBER(SEARCH('[1]Dettaglio pacchetti'!$AB$1:$AB$530, $C49))), 1) ) & "*", '[1]Dettaglio pacchetti'!$A$1:$I$530, 9, FALSE ), IFERROR(VLOOKUP($C49, '[1]Dettaglio pacchetti'!$A$1:$I$530, 9, FALSE), "") )} | O49: OK | P49: OK | AA49: {=IFERROR(VLOOKUP(INDEX('[1]Dettaglio pacchetti'!$AB$1:$AB$530, _xlfn.AGGREGATE(15, 6, (ROW($1:$345))/(ISNUMBER(SEARCH('[1]Dettaglio pacchetti'!$AB$1:$AB$530, $C49))), 1)) & "*", '[1]Dettaglio pacchetti'!$A$1:$N$530, 13, FALSE) & "", "")} | AB49: {=IF(ISNUMBER(SEARCH("dev.azure.com", AA49)), IFERROR(VLOOKUP(INDEX('[1]Dettaglio pacchetti'!$AB$1:$AB$530, _xlfn.AGGREGATE(15, 6, (ROW($1:$345))/(ISNUMBER(SEARCH('[1]Dettaglio pacchetti'!$AB$1:$AB$530, $C49))), 1)) & "*", '[1]Dettaglio pacchetti'!$A$1:$N$530, 1, FALSE) & "", ""), "")} | AC49: {=IFERROR( VLOOKUP( INDEX('[1]Dettaglio pacchetti'!$AB$1:$AB$530, _xlfn.AGGREGATE(15,6,ROW($1:$345)/(ISNUMBER(SEARCH('[1]Dettaglio pacchetti'!$AB$1:$AB$530,$C49))),1)) & "*", '[1]Dettaglio pacchetti'!$A$1:$I$530, 7, FALSE ), IFERROR(VLOOKUP($C49, '[1]Dettaglio pacchetti'!$A$1:$I$530, 7, FALSE), "") )} | AD49: {=IFERROR( VLOOKUP( INDEX('[1]Dettaglio pacchetti'!$AB$1:$AB$530, _xlfn.AGGREGATE(15,6,ROW($1:$345)/(ISNUMBER(SEARCH('[1]Dettaglio pacchetti'!$AB$1:$AB$530,$C49))),1)) & "*", '[1]Dettaglio pacchetti'!$A$1:$I$530, 6, FALSE ), IFERROR(VLOOKUP($C49, '[1]Dettaglio pacchetti'!$A$1:$I$530, 6, FALSE), "") )}
C50: H_CP_b240 | D50: {=IFERROR( _xlfn.LET( _xlpm.risultato, IFERROR( _xlfn.XLOOKUP(TRIM(UPPER(G50)), TRIM(UPPER(Applicazioni!$C$1:$C$474)), Applicazioni!$B$1:$B$474 ), _xlfn.XLOOKUP( TRIM(UPPER( INDEX( _xlfn._xlws.FILTER('[1]Dettaglio pacchetti'!$B$1:$B$530, TRIM(UPPER('[1]Dettaglio pacchetti'!$E$1:$E$530))=TRIM(UPPER(G50)), "" ), 1) )), TRIM(UPPER(Applicazioni!$C$1:$C$474)), Applicazioni!$B$1:$B$474 ) ), IF(_xlpm.risultato=0, "", _xlpm.risultato) ), "" )} -> C20260821_0050 | E50: {=IF(TRIM($B50)="SG-ANAGRAFE", "Bugni Batte", IF(TRIM($B50)="DW01A", "Cauda", IFERROR( VLOOKUP( INDEX('[1]Dettaglio pacchetti'!$AB$1:$AB$530, _xlfn.AGGREGATE(15, 6, (ROW($1:$345))/(ISNUMBER(SEARCH('[1]Dettaglio pacchetti'!$AB$1:$AB$530, $C50))), 1) ) & "*", '[1]Dettaglio pacchetti'!$A$1:$I$530, 3, FALSE ), IFERROR(VLOOKUP($C50, '[1]Dettaglio pacchetti'!$A$1:$I$530, 3, FALSE), "") ) ) )} -> Rocca | F50: {=IF(TRIM($B50)="DW01A", "ETL - EDW Estrattori", IFERROR( VLOOKUP( INDEX('[1]Dettaglio pacchetti'!$AB$1:$AB$530, _xlfn.AGGREGATE(15, 6, (ROW($1:$345))/(ISNUMBER(SEARCH('[1]Dettaglio pacchetti'!$AB$1:$AB$530, $C50))), 1) ) & "*", '[1]Dettaglio pacchetti'!$A$1:$I$530, 4, FALSE ), IFERROR(VLOOKUP($C50, '[1]Dettaglio pacchetti'!$A$1:$I$530, 4, FALSE), "") ) )} -> Rilascio Portale Documentale Portafoglio RIBALTADOC | G50: {=IF(TRIM($B50)="DW01A", "ETL - EDW Estrattori", IF(TRIM($B50)="SG-ANAGRAFE", "SIGEA Anagrafe", IFERROR( VLOOKUP( INDEX('[1]Dettaglio pacchetti'!$AB$1:$AB$530, _xlfn.AGGREGATE(15, 6, (ROW($1:$345))/(ISNUMBER(SEARCH('[1]Dettaglio pacchetti'!$AB$1:$AB$530, $C50))), 1) ) & "*", '[1]Dettaglio pacchetti'!$A$1:$I$530, 5, FALSE ), IFERROR(VLOOKUP($C50, '[1]Dettaglio pacchetti'!$A$1:$I$530, 5, FALSE), "") ) ) )} -> Portale Documentale Portafoglio | H50: {=IFERROR( VLOOKUP( INDEX('[1]Dettaglio pacchetti'!$AB$1:$AB$530, _xlfn.AGGREGATE(15, 6, (ROW($1:$345))/(ISNUMBER(SEARCH('[1]Dettaglio pacchetti'!$AB$1:$AB$530, $C50))), 1) ) & "*", '[1]Dettaglio pacchetti'!$A$1:$I$530, 6, FALSE ), IFERROR(VLOOKUP($C50, '[1]Dettaglio pacchetti'!$A$1:$I$530, 6, FALSE), "") )} -> Ikan Alm | I50: =IF(OR(AA50="", AB50=""), "", HYPERLINK(AA50, AB50)) | J50: =IF($AC50="", "", IF(ISNUMBER(SEARCH("Ikan", $AD50)), "", HYPERLINK("https://dev.azure.com/realeitesorg/" & $AC50, $AC50) ) ) | K50: =IF($AC50="", "", IF(ISNUMBER(SEARCH("Ikan", $AD50)), $AC50, "" ) ) -> RIBALTADOC | L50: {=IFERROR( VLOOKUP( INDEX('[1]Dettaglio pacchetti'!$AB$1:$AB$530, _xlfn.AGGREGATE(15, 6, ROW($1:$345)/(ISNUMBER(SEARCH('[1]Dettaglio pacchetti'!$AB$1:$AB$530, $C50))), 1) ) & "*", '[1]Dettaglio pacchetti'!$A$1:$I$530, 8, FALSE ), IFERROR(VLOOKUP($C50, '[1]Dettaglio pacchetti'!$A$1:$I$530, 8, FALSE), "") )} -> 6.00 | M50: {=IFERROR( VLOOKUP( INDEX('[1]Dettaglio pacchetti'!$AB$1:$AB$530, _xlfn.AGGREGATE(15, 6, ROW($1:$345)/(ISNUMBER(SEARCH('[1]Dettaglio pacchetti'!$AB$1:$AB$530, $C50))), 1) ) & "*", '[1]Dettaglio pacchetti'!$A$1:$I$530, 9, FALSE ), IFERROR(VLOOKUP($C50, '[1]Dettaglio pacchetti'!$A$1:$I$530, 9, FALSE), "") )} -> copia_file | O50: OK | P50: OK | AA50: {=IFERROR(VLOOKUP(INDEX('[1]Dettaglio pacchetti'!$AB$1:$AB$530, _xlfn.AGGREGATE(15, 6, (ROW($1:$345))/(ISNUMBER(SEARCH('[1]Dettaglio pacchetti'!$AB$1:$AB$530, $C50))), 1)) & "*", '[1]Dettaglio pacchetti'!$A$1:$N$530, 13, FALSE) & "", "")} | AB50: {=IF(ISNUMBER(SEARCH("dev.azure.com", AA50)), IFERROR(VLOOKUP(INDEX('[1]Dettaglio pacchetti'!$AB$1:$AB$530, _xlfn.AGGREGATE(15, 6, (ROW($1:$345))/(ISNUMBER(SEARCH('[1]Dettaglio pacchetti'!$AB$1:$AB$530, $C50))), 1)) & "*", '[1]Dettaglio pacchetti'!$A$1:$N$530, 1, FALSE) & "", ""), "")} | AC50: {=IFERROR( VLOOKUP( INDEX('[1]Dettaglio pacchetti'!$AB$1:$AB$530, _xlfn.AGGREGATE(15,6,ROW($1:$345)/(ISNUMBER(SEARCH('[1]Dettaglio pacchetti'!$AB$1:$AB$530,$C50))),1)) & "*", '[1]Dettaglio pacchetti'!$A$1:$I$530, 7, FALSE ), IFERROR(VLOOKUP($C50, '[1]Dettaglio pacchetti'!$A$1:$I$530, 7, FALSE), "") )} -> RIBALTADOC | AD50: {=IFERROR( VLOOKUP( INDEX('[1]Dettaglio pacchetti'!$AB$1:$AB$530, _xlfn.AGGREGATE(15,6,ROW($1:$345)/(ISNUMBER(SEARCH('[1]Dettaglio pacchetti'!$AB$1:$AB$530,$C50))),1)) & "*", '[1]Dettaglio pacchetti'!$A$1:$I$530, 6, FALSE ), IFERROR(VLOOKUP($C50, '[1]Dettaglio pacchetti'!$A$1:$I$530, 6, FALSE), "") )} -> Ikan Alm
D51: {=IFERROR( _xlfn.LET( _xlpm.risultato, IFERROR( _xlfn.XLOOKUP(TRIM(UPPER(G51)), TRIM(UPPER(Applicazioni!$C$1:$C$474)), Applicazioni!$B$1:$B$474 ), _xlfn.XLOOKUP( TRIM(UPPER( INDEX( _xlfn._xlws.FILTER('[1]Dettaglio pacchetti'!$B$1:$B$530, TRIM(UPPER('[1]Dettaglio pacchetti'!$E$1:$E$530))=TRIM(UPPER(G51)), "" ), 1) )), TRIM(UPPER(Applicazioni!$C$1:$C$474)), Applicazioni!$B$1:$B$474 ) ), IF(_xlpm.risultato=0, "", _xlpm.risultato) ), "" )} | E51: {=IF(TRIM($B51)="SG-ANAGRAFE", "Bugni Batte", IF(TRIM($B51)="DW01A", "Cauda", IFERROR( VLOOKUP( INDEX('[1]Dettaglio pacchetti'!$AB$1:$AB$530, _xlfn.AGGREGATE(15, 6, (ROW($1:$345))/(ISNUMBER(SEARCH('[1]Dettaglio pacchetti'!$AB$1:$AB$530, $C51))), 1) ) & "*", '[1]Dettaglio pacchetti'!$A$1:$I$530, 3, FALSE ), IFERROR(VLOOKUP($C51, '[1]Dettaglio pacchetti'!$A$1:$I$530, 3, FALSE), "") ) ) )} | F51: {=IF(TRIM($B51)="DW01A", "ETL - EDW Estrattori", IFERROR( VLOOKUP( INDEX('[1]Dettaglio pacchetti'!$AB$1:$AB$530, _xlfn.AGGREGATE(15, 6, (ROW($1:$345))/(ISNUMBER(SEARCH('[1]Dettaglio pacchetti'!$AB$1:$AB$530, $C51))), 1) ) & "*", '[1]Dettaglio pacchetti'!$A$1:$I$530, 4, FALSE ), IFERROR(VLOOKUP($C51, '[1]Dettaglio pacchetti'!$A$1:$I$530, 4, FALSE), "") ) )} | G51: {=IF(TRIM($B51)="DW01A", "ETL - EDW Estrattori", IF(TRIM($B51)="SG-ANAGRAFE", "SIGEA Anagrafe", IFERROR( VLOOKUP( INDEX('[1]Dettaglio pacchetti'!$AB$1:$AB$530, _xlfn.AGGREGATE(15, 6, (ROW($1:$345))/(ISNUMBER(SEARCH('[1]Dettaglio pacchetti'!$AB$1:$AB$530, $C51))), 1) ) & "*", '[1]Dettaglio pacchetti'!$A$1:$I$530, 5, FALSE ), IFERROR(VLOOKUP($C51, '[1]Dettaglio pacchetti'!$A$1:$I$530, 5, FALSE), "") ) ) )} | J51: =IF($AC51="", "", IF(ISNUMBER(SEARCH("Ikan", $AD51)), "", HYPERLINK("https://dev.azure.com/realeitesorg/" & $AC51, $AC51) ) ) | K51: =IF($AC51="", "", IF(ISNUMBER(SEARCH("Ikan", $AD51)), $AC51, "" ) ) | L51: {=IFERROR( VLOOKUP( INDEX('[1]Dettaglio pacchetti'!$AB$1:$AB$530, _xlfn.AGGREGATE(15, 6, ROW($1:$345)/(ISNUMBER(SEARCH('[1]Dettaglio pacchetti'!$AB$1:$AB$530, $C51))), 1) ) & "*", '[1]Dettaglio pacchetti'!$A$1:$I$530, 8, FALSE ), IFERROR(VLOOKUP($C51, '[1]Dettaglio pacchetti'!$A$1:$I$530, 8, FALSE), "") )} | M51: {=IFERROR( VLOOKUP( INDEX('[1]Dettaglio pacchetti'!$AB$1:$AB$530, _xlfn.AGGREGATE(15, 6, ROW($1:$345)/(ISNUMBER(SEARCH('[1]Dettaglio pacchetti'!$AB$1:$AB$530, $C51))), 1) ) & "*", '[1]Dettaglio pacchetti'!$A$1:$I$530, 9, FALSE ), IFERROR(VLOOKUP($C51, '[1]Dettaglio pacchetti'!$A$1:$I$530, 9, FALSE), "") )} | O51: OK | P51: OK | AA51: {=IFERROR(VLOOKUP(INDEX('[1]Dettaglio pacchetti'!$AB$1:$AB$530, _xlfn.AGGREGATE(15, 6, (ROW($1:$345))/(ISNUMBER(SEARCH('[1]Dettaglio pacchetti'!$AB$1:$AB$530, $C51))), 1)) & "*", '[1]Dettaglio pacchetti'!$A$1:$N$530, 13, FALSE) & "", "")} | AB51: {=IF(ISNUMBER(SEARCH("dev.azure.com", AA51)), IFERROR(VLOOKUP(INDEX('[1]Dettaglio pacchetti'!$AB$1:$AB$530, _xlfn.AGGREGATE(15, 6, (ROW($1:$345))/(ISNUMBER(SEARCH('[1]Dettaglio pacchetti'!$AB$1:$AB$530, $C51))), 1)) & "*", '[1]Dettaglio pacchetti'!$A$1:$N$530, 1, FALSE) & "", ""), "")} | AC51: {=IFERROR( VLOOKUP( INDEX('[1]Dettaglio pacchetti'!$AB$1:$AB$530, _xlfn.AGGREGATE(15,6,ROW($1:$345)/(ISNUMBER(SEARCH('[1]Dettaglio pacchetti'!$AB$1:$AB$530,$C51))),1)) & "*", '[1]Dettaglio pacchetti'!$A$1:$I$530, 7, FALSE ), IFERROR(VLOOKUP($C51, '[1]Dettaglio pacchetti'!$A$1:$I$530, 7, FALSE), "") )} | AD51: {=IFERROR( VLOOKUP( INDEX('[1]Dettaglio pacchetti'!$AB$1:$AB$530, _xlfn.AGGREGATE(15,6,ROW($1:$345)/(ISNUMBER(SEARCH('[1]Dettaglio pacchetti'!$AB$1:$AB$530,$C51))),1)) & "*", '[1]Dettaglio pacchetti'!$A$1:$I$530, 6, FALSE ), IFERROR(VLOOKUP($C51, '[1]Dettaglio pacchetti'!$A$1:$I$530, 6, FALSE), "") )}
C52: APPOPCON-CORRETTIVA | D52: {=IFERROR( _xlfn.LET( _xlpm.risultato, IFERROR( _xlfn.XLOOKUP(TRIM(UPPER(G52)), TRIM(UPPER(Applicazioni!$C$1:$C$474)), Applicazioni!$B$1:$B$474 ), _xlfn.XLOOKUP( TRIM(UPPER( INDEX( _xlfn._xlws.FILTER('[1]Dettaglio pacchetti'!$B$1:$B$530, TRIM(UPPER('[1]Dettaglio pacchetti'!$E$1:$E$530))=TRIM(UPPER(G52)), "" ), 1) )), TRIM(UPPER(Applicazioni!$C$1:$C$474)), Applicazioni!$B$1:$B$474 ) ), IF(_xlpm.risultato=0, "", _xlpm.risultato) ), "" )} | E52: {=IF(TRIM($B52)="SG-ANAGRAFE", "Bugni Batte", IF(TRIM($B52)="DW01A", "Cauda", IFERROR( VLOOKUP( INDEX('[1]Dettaglio pacchetti'!$AB$1:$AB$530, _xlfn.AGGREGATE(15, 6, (ROW($1:$345))/(ISNUMBER(SEARCH('[1]Dettaglio pacchetti'!$AB$1:$AB$530, $C52))), 1) ) & "*", '[1]Dettaglio pacchetti'!$A$1:$I$530, 3, FALSE ), IFERROR(VLOOKUP($C52, '[1]Dettaglio pacchetti'!$A$1:$I$530, 3, FALSE), "") ) ) )} -> Saladini | F52: {=IF(TRIM($B52)="DW01A", "ETL - EDW Estrattori", IFERROR( VLOOKUP( INDEX('[1]Dettaglio pacchetti'!$AB$1:$AB$530, _xlfn.AGGREGATE(15, 6, (ROW($1:$345))/(ISNUMBER(SEARCH('[1]Dettaglio pacchetti'!$AB$1:$AB$530, $C52))), 1) ) & "*", '[1]Dettaglio pacchetti'!$A$1:$I$530, 4, FALSE ), IFERROR(VLOOKUP($C52, '[1]Dettaglio pacchetti'!$A$1:$I$530, 4, FALSE), "") ) )} -> Rilascio pacchetti Schedulazioni APP OPCON | G52: {=IF(TRIM($B52)="DW01A", "ETL - EDW Estrattori", IF(TRIM($B52)="SG-ANAGRAFE", "SIGEA Anagrafe", IFERROR( VLOOKUP( INDEX('[1]Dettaglio pacchetti'!$AB$1:$AB$530, _xlfn.AGGREGATE(15, 6, (ROW($1:$345))/(ISNUMBER(SEARCH('[1]Dettaglio pacchetti'!$AB$1:$AB$530, $C52))), 1) ) & "*", '[1]Dettaglio pacchetti'!$A$1:$I$530, 5, FALSE ), IFERROR(VLOOKUP($C52, '[1]Dettaglio pacchetti'!$A$1:$I$530, 5, FALSE), "") ) ) )} -> Schedulazione | H52: {=IFERROR( VLOOKUP( INDEX('[1]Dettaglio pacchetti'!$AB$1:$AB$530, _xlfn.AGGREGATE(15, 6, (ROW($1:$345))/(ISNUMBER(SEARCH('[1]Dettaglio pacchetti'!$AB$1:$AB$530, $C52))), 1) ) & "*", '[1]Dettaglio pacchetti'!$A$1:$I$530, 6, FALSE ), IFERROR(VLOOKUP($C52, '[1]Dettaglio pacchetti'!$A$1:$I$530, 6, FALSE), "") )} -> Ikan Alm | I52: =IF(OR(AA52="", AB52=""), "", HYPERLINK(AA52, AB52)) | J52: =IF($AC52="", "", IF(ISNUMBER(SEARCH("Ikan", $AD52)), "", HYPERLINK("https://dev.azure.com/realeitesorg/" & $AC52, $AC52) ) ) | K52: =IF($AC52="", "", IF(ISNUMBER(SEARCH("Ikan", $AD52)), $AC52, "" ) ) -> APPOPCON | L52: {=IFERROR( VLOOKUP( INDEX('[1]Dettaglio pacchetti'!$AB$1:$AB$530, _xlfn.AGGREGATE(15, 6, ROW($1:$345)/(ISNUMBER(SEARCH('[1]Dettaglio pacchetti'!$AB$1:$AB$530, $C52))), 1) ) & "*", '[1]Dettaglio pacchetti'!$A$1:$I$530, 8, FALSE ), IFERROR(VLOOKUP($C52, '[1]Dettaglio pacchetti'!$A$1:$I$530, 8, FALSE), "") )} -> dopo ok al rilascio | M52: {=IFERROR( VLOOKUP( INDEX('[1]Dettaglio pacchetti'!$AB$1:$AB$530, _xlfn.AGGREGATE(15, 6, ROW($1:$345)/(ISNUMBER(SEARCH('[1]Dettaglio pacchetti'!$AB$1:$AB$530, $C52))), 1) ) & "*", '[1]Dettaglio pacchetti'!$A$1:$I$530, 9, FALSE ), IFERROR(VLOOKUP($C52, '[1]Dettaglio pacchetti'!$A$1:$I$530, 9, FALSE), "") )} -> Sched | AA52: {=IFERROR(VLOOKUP(INDEX('[1]Dettaglio pacchetti'!$AB$1:$AB$530, _xlfn.AGGREGATE(15, 6, (ROW($1:$345))/(ISNUMBER(SEARCH('[1]Dettaglio pacchetti'!$AB$1:$AB$530, $C52))), 1)) & "*", '[1]Dettaglio pacchetti'!$A$1:$N$530, 13, FALSE) & "", "")} | AB52: {=IF(ISNUMBER(SEARCH("dev.azure.com", AA52)), IFERROR(VLOOKUP(INDEX('[1]Dettaglio pacchetti'!$AB$1:$AB$530, _xlfn.AGGREGATE(15, 6, (ROW($1:$345))/(ISNUMBER(SEARCH('[1]Dettaglio pacchetti'!$AB$1:$AB$530, $C52))), 1)) & "*", '[1]Dettaglio pacchetti'!$A$1:$N$530, 1, FALSE) & "", ""), "")} | AC52: {=IFERROR( VLOOKUP( INDEX('[1]Dettaglio pacchetti'!$AB$1:$AB$530, _xlfn.AGGREGATE(15,6,ROW($1:$345)/(ISNUMBER(SEARCH('[1]Dettaglio pacchetti'!$AB$1:$AB$530,$C52))),1)) & "*", '[1]Dettaglio pacchetti'!$A$1:$I$530, 7, FALSE ), IFERROR(VLOOKUP($C52, '[1]Dettaglio pacchetti'!$A$1:$I$530, 7, FALSE), "") )} -> APPOPCON | AD52: {=IFERROR( VLOOKUP( INDEX('[1]Dettaglio pacchetti'!$AB$1:$AB$530, _xlfn.AGGREGATE(15,6,ROW($1:$345)/(ISNUMBER(SEARCH('[1]Dettaglio pacchetti'!$AB$1:$AB$530,$C52))),1)) & "*", '[1]Dettaglio pacchetti'!$A$1:$I$530, 6, FALSE ), IFERROR(VLOOKUP($C52, '[1]Dettaglio pacchetti'!$A$1:$I$530, 6, FALSE), "") )} -> Ikan Alm
